{"type": "FeatureCollection","features": [{"type": "Feature","properties": {"bairro": "Bayswater","distrito": "Queens"},"geometry": {"type": "Polygon","coordinates": [[[-73.766708,40.614911],[-73.768253,40.614878],[-73.773977,40.616004],[-73.768735,40.620901],[-73.767459,40.620511],[-73.766708,40.614911]]]}},{"type": "Feature","properties": {"bairro": "Allerton","distrito": "Bronx"},"geometry": {"type": "Polygon","coordinates": [[[-73.848597,40.87167],[-73.845823,40.870239],[-73.856389,40.857594],[-73.868882,40.857223],[-73.868318,40.857862],[-73.871025,40.85731],[-73.870555,40.869703],[-73.85745,40.869533],[-73.85555,40.871813],[-73.853598,40.873288],[-73.848597,40.87167]]]}},{"type": "Feature","properties": {"bairro": "City Island","distrito": "Bronx"},"geometry": {"type": "Polygon","coordinates": [[[-73.782822,40.843919],[-73.782572,40.843295],[-73.783092,40.843685],[-73.782874,40.843124],[-73.783133,40.843697],[-73.782807,40.843779],[-73.782842,40.843895],[-73.782983,40.843767],[-73.783475,40.843655],[-73.782888,40.842495],[-73.782299,40.842606],[-73.782445,40.843042],[-73.7818,40.842696],[-73.781933,40.843228],[-73.781772,40.842702],[-73.781247,40.842797],[-73.781428,40.843371],[-73.781216,40.842805],[-73.780674,40.842907],[-73.780829,40.843507],[-73.780296,40.842973],[-73.780228,40.843778],[-73.780227,40.842883],[-73.782865,40.842478],[-73.780597,40.842787],[-73.782369,40.842428],[-73.781621,40.842329],[-73.782306,40.842211],[-73.782333,40.841923],[-73.78144,40.842142],[-73.782215,40.841704],[-73.780348,40.842109],[-73.780426,40.842494],[-73.780196,40.842046],[-73.78185,40.841654],[-73.781661,40.841124],[-73.780892,40.841553],[-73.780798,40.841256],[-73.781649,40.841098],[-73.781139,40.839494],[-73.781885,40.83765],[-73.782906,40.83732],[-73.782823,40.836338],[-73.783382,40.836909],[-73.784981,40.836746],[-73.784503,40.837058],[-73.78485,40.83747],[-73.78564,40.837064],[-73.785831,40.83721],[-73.785166,40.837471],[-73.785735,40.839234],[-73.787408,40.839678],[-73.787492,40.840842],[-73.788159,40.840491],[-73.787612,40.841198],[-73.788366,40.841505],[-73.78802,40.841784],[-73.788839,40.84235],[-73.788528,40.842426],[-73.789058,40.843235],[-73.789931,40.843042],[-73.789337,40.843681],[-73.789472,40.844293],[-73.790989,40.845653],[-73.790973,40.846357],[-73.791491,40.846251],[-73.791181,40.846556],[-73.791793,40.846732],[-73.791367,40.846888],[-73.79144,40.847306],[-73.791772,40.847228],[-73.79192,40.847258],[-73.791267,40.847602],[-73.791618,40.848053],[-73.791014,40.848985],[-73.789757,40.849531],[-73.789858,40.849973],[-73.790948,40.849739],[-73.790989,40.849828],[-73.789866,40.849989],[-73.790405,40.850273],[-73.789919,40.850612],[-73.791024,40.850432],[-73.78993,40.850626],[-73.790268,40.850961],[-73.789514,40.851301],[-73.790987,40.851264],[-73.789665,40.8515],[-73.790892,40.851547],[-73.790196,40.851753],[-73.790464,40.851767],[-73.790084,40.852035],[-73.790155,40.852251],[-73.790161,40.85204],[-73.792495,40.851551],[-73.79017,40.852281],[-73.793118,40.851578],[-73.793238,40.851931],[-73.791246,40.852305],[-73.791381,40.852602],[-73.79341,40.852022],[-73.790421,40.853023],[-73.792901,40.852695],[-73.790808,40.853199],[-73.791266,40.853707],[-73.792524,40.85341],[-73.792409,40.853053],[-73.792979,40.853303],[-73.792876,40.852944],[-73.79304,40.853371],[-73.791057,40.853918],[-73.792458,40.853601],[-73.792488,40.853672],[-73.79107,40.853945],[-73.792537,40.853849],[-73.791293,40.854584],[-73.792503,40.855789],[-73.792017,40.856177],[-73.792705,40.856192],[-73.793157,40.856351],[-73.792011,40.856225],[-73.791902,40.856547],[-73.793095,40.856686],[-73.791894,40.856569],[-73.791707,40.856852],[-73.792827,40.857436],[-73.793013,40.857003],[-73.792884,40.857479],[-73.79186,40.857004],[-73.792683,40.85742],[-73.791895,40.857437],[-73.79257,40.85764],[-73.792395,40.857846],[-73.791743,40.857394],[-73.791843,40.857029],[-73.790942,40.857553],[-73.791785,40.857775],[-73.791437,40.858155],[-73.791619,40.857901],[-73.790932,40.857568],[-73.790187,40.85861],[-73.788984,40.858471],[-73.788784,40.857421],[-73.788043,40.85756],[-73.788028,40.857515],[-73.788779,40.857401],[-73.788477,40.854401],[-73.786907,40.854064],[-73.787963,40.853475],[-73.785882,40.851789],[-73.783382,40.851587],[-73.784601,40.851096],[-73.783841,40.850693],[-73.784253,40.850221],[-73.7835,40.849196],[-73.781544,40.8494],[-73.782141,40.849101],[-73.781494,40.84858],[-73.782675,40.84814],[-73.780978,40.848458],[-73.782637,40.848073],[-73.781484,40.847882],[-73.782164,40.846636],[-73.780403,40.846931],[-73.78106,40.846803],[-73.781152,40.846246],[-73.781107,40.846747],[-73.781743,40.846412],[-73.781093,40.846798],[-73.782513,40.846409],[-73.782496,40.845662],[-73.783094,40.845518],[-73.783146,40.84531],[-73.783075,40.84551],[-73.782425,40.845676],[-73.781816,40.845765],[-73.783051,40.845497],[-73.78306,40.845086],[-73.781815,40.845481],[-73.783075,40.845056],[-73.783152,40.845296],[-73.782976,40.844681],[-73.783365,40.844445],[-73.783011,40.844173],[-73.783484,40.843679],[-73.782907,40.843936],[-73.780527,40.844525],[-73.779927,40.843883],[-73.780533,40.844453],[-73.780396,40.843966],[-73.780585,40.844435],[-73.781063,40.844328],[-73.780877,40.843862],[-73.78109,40.84432],[-73.781546,40.844216],[-73.781377,40.843704],[-73.781576,40.844208],[-73.782008,40.84411],[-73.781833,40.843576],[-73.782038,40.844103],[-73.782437,40.844009],[-73.782249,40.843436],[-73.782822,40.843919]]]}},{"type": "Feature","properties": {"bairro": "Ditmars Steinway","distrito": "Queens"},"geometry": {"type": "Polygon","coordinates": [[[-73.901603,40.76777],[-73.916607,40.770407],[-73.922323,40.774415],[-73.923036,40.775387],[-73.923976,40.774622],[-73.928277,40.776899],[-73.924234,40.779101],[-73.91909,40.783368],[-73.917171,40.784193],[-73.916833,40.785191],[-73.91526,40.786192],[-73.915587,40.78643],[-73.9126,40.789376],[-73.91223,40.789179],[-73.909859,40.790945],[-73.900326,40.789008],[-73.896353,40.786179],[-73.895829,40.785222],[-73.898749,40.782781],[-73.901146,40.782711],[-73.902188,40.781757],[-73.902677,40.780353],[-73.902183,40.780359],[-73.902036,40.781203],[-73.901291,40.781858],[-73.898654,40.781995],[-73.894387,40.784242],[-73.896064,40.783157],[-73.894774,40.782254],[-73.895358,40.781658],[-73.894601,40.782253],[-73.895349,40.781649],[-73.895285,40.781541],[-73.89414,40.782474],[-73.893061,40.781848],[-73.892308,40.782466],[-73.892749,40.782966],[-73.891655,40.782195],[-73.892242,40.782411],[-73.89301,40.781798],[-73.891666,40.780843],[-73.89254,40.779552],[-73.891669,40.779493],[-73.891196,40.778563],[-73.892523,40.777405],[-73.891416,40.776339],[-73.891832,40.77488],[-73.89112,40.777125],[-73.890087,40.777784],[-73.889471,40.775536],[-73.890192,40.773647],[-73.889455,40.773533],[-73.8884,40.7671],[-73.891202,40.766595],[-73.901603,40.76777]]]}},{"type": "Feature","properties": {"bairro": "Ozone Park","distrito": "Queens"},"geometry": {"type": "Polygon","coordinates": [[[-73.837544,40.691364],[-73.830875,40.678109],[-73.83208,40.675261],[-73.835896,40.675754],[-73.83698,40.674678],[-73.832906,40.666651],[-73.833216,40.666092],[-73.83914,40.666688],[-73.84214,40.668269],[-73.86107,40.674021],[-73.862346,40.679165],[-73.863282,40.679073],[-73.864101,40.682373],[-73.866027,40.681918],[-73.866295,40.683189],[-73.837544,40.691364]]]}},{"type": "Feature","properties": {"bairro": "Fordham","distrito": "Bronx"},"geometry": {"type": "Polygon","coordinates": [[[-73.88303,40.86663],[-73.883896,40.864518],[-73.880555,40.86069],[-73.880949,40.858579],[-73.880675,40.85716],[-73.885151,40.858481],[-73.890855,40.861414],[-73.897087,40.851969],[-73.898104,40.852308],[-73.900097,40.849209],[-73.900884,40.84941],[-73.900694,40.850253],[-73.902719,40.851851],[-73.906448,40.853474],[-73.904727,40.85537],[-73.90557,40.855787],[-73.902545,40.860578],[-73.895196,40.870296],[-73.891816,40.871785],[-73.890378,40.871652],[-73.889414,40.873437],[-73.884953,40.869796],[-73.88303,40.86663]]]}},{"type": "Feature","properties": {"bairro": "Whitestone","distrito": "Queens"},"geometry": {"type": "Polygon","coordinates": [[[-73.793801,40.789172],[-73.794975,40.788082],[-73.794786,40.786719],[-73.79548,40.785831],[-73.795086,40.785861],[-73.792761,40.774006],[-73.812784,40.775615],[-73.82167,40.776863],[-73.825825,40.776671],[-73.827178,40.777046],[-73.825667,40.77974],[-73.825992,40.77982],[-73.825696,40.781691],[-73.82445,40.78674],[-73.825337,40.786704],[-73.82638,40.78798],[-73.82892,40.787692],[-73.82909,40.788564],[-73.830779,40.788361],[-73.830981,40.789154],[-73.832129,40.79009],[-73.831374,40.791369],[-73.828367,40.792395],[-73.829229,40.793019],[-73.828292,40.792514],[-73.827929,40.792879],[-73.828014,40.794942],[-73.82946,40.796823],[-73.827418,40.796789],[-73.826739,40.797796],[-73.825116,40.797352],[-73.823433,40.798407],[-73.82368,40.79877],[-73.823409,40.798418],[-73.823306,40.798963],[-73.822599,40.798902],[-73.822777,40.79932],[-73.822519,40.798988],[-73.822622,40.799408],[-73.822388,40.799113],[-73.820432,40.800628],[-73.820528,40.801006],[-73.820405,40.80064],[-73.819828,40.800995],[-73.813679,40.797546],[-73.8137,40.797079],[-73.813421,40.797693],[-73.813494,40.797058],[-73.813053,40.797455],[-73.812884,40.797167],[-73.812254,40.798127],[-73.811609,40.797372],[-73.806363,40.796394],[-73.806231,40.796817],[-73.806331,40.796393],[-73.805396,40.796171],[-73.804348,40.796214],[-73.804274,40.796641],[-73.804311,40.796213],[-73.80335,40.796713],[-73.80226,40.796262],[-73.800204,40.79627],[-73.800121,40.796631],[-73.800084,40.796628],[-73.800182,40.796267],[-73.798111,40.795606],[-73.79767,40.795994],[-73.79787,40.795552],[-73.796736,40.795209],[-73.796434,40.795736],[-73.796706,40.795198],[-73.794611,40.79493],[-73.794888,40.791681],[-73.793801,40.789172]]]}},{"type": "Feature","properties": {"bairro": "Arden Heights","distrito": "Staten Island"},"geometry": {"type": "Polygon","coordinates": [[[-74.169827,40.561078],[-74.16707,40.548205],[-74.166233,40.547343],[-74.165296,40.544273],[-74.169924,40.542225],[-74.177331,40.540619],[-74.177403,40.542479],[-74.176498,40.544487],[-74.180721,40.546673],[-74.178814,40.54966],[-74.18209,40.551104],[-74.183181,40.555201],[-74.18464,40.553807],[-74.186093,40.554549],[-74.188265,40.553275],[-74.187074,40.552424],[-74.188576,40.550714],[-74.190568,40.552002],[-74.19769,40.558887],[-74.194076,40.562079],[-74.192592,40.562733],[-74.192407,40.564272],[-74.190794,40.564392],[-74.190335,40.563049],[-74.189463,40.56364],[-74.185254,40.564549],[-74.184371,40.565163],[-74.184311,40.566527],[-74.182846,40.566651],[-74.182634,40.565556],[-74.169827,40.561078]]]}},{"type": "Feature","properties": {"bairro": "Arrochar","distrito": "Staten Island"},"geometry": {"type": "Polygon","coordinates": [[[-74.06078,40.593188],[-74.065033,40.588991],[-74.06436,40.588268],[-74.064778,40.588488],[-74.069416,40.584651],[-74.08024,40.590067],[-74.083752,40.595491],[-74.085875,40.59589],[-74.084809,40.597438],[-74.08171,40.598563],[-74.077164,40.59839],[-74.073872,40.597637],[-74.073623,40.59721],[-74.064638,40.600183],[-74.061829,40.596306],[-74.062829,40.595236],[-74.06078,40.593188]]]}},{"type": "Feature","properties": {"bairro": "Arverne","distrito": "Queens"},"geometry": {"type": "Polygon","coordinates": [[[-73.788072,40.600854],[-73.790305,40.59926],[-73.791071,40.597198],[-73.790903,40.595094],[-73.79042,40.594753],[-73.79057,40.594952],[-73.790806,40.596093],[-73.790594,40.596108],[-73.790539,40.594981],[-73.790153,40.594768],[-73.790425,40.596054],[-73.790178,40.596071],[-73.790113,40.594773],[-73.789739,40.594744],[-73.789999,40.596209],[-73.789699,40.596228],[-73.789674,40.59486],[-73.78918,40.595186],[-73.789186,40.597599],[-73.788399,40.59753],[-73.788052,40.594502],[-73.785872,40.594982],[-73.785389,40.588792],[-73.788765,40.587972],[-73.788784,40.58745],[-73.800451,40.586008],[-73.801246,40.590868],[-73.80533,40.59052],[-73.805279,40.591682],[-73.804329,40.591311],[-73.804166,40.591855],[-73.808047,40.59365],[-73.807113,40.595284],[-73.806041,40.595555],[-73.804115,40.594319],[-73.803809,40.592891],[-73.802438,40.59264],[-73.80251,40.593948],[-73.803135,40.593758],[-73.803181,40.593945],[-73.802568,40.594272],[-73.803243,40.594087],[-73.803288,40.594282],[-73.802345,40.594496],[-73.80344,40.594434],[-73.803197,40.594678],[-73.803378,40.594869],[-73.803655,40.594731],[-73.803725,40.594817],[-73.803215,40.595146],[-73.803895,40.594991],[-73.803314,40.595177],[-73.803685,40.595198],[-73.804865,40.596734],[-73.805134,40.596608],[-73.805248,40.596895],[-73.805192,40.59719],[-73.804876,40.596749],[-73.805112,40.597151],[-73.804711,40.597675],[-73.802979,40.598844],[-73.800915,40.599391],[-73.794212,40.59948],[-73.791541,40.60035],[-73.787858,40.603111],[-73.786169,40.603075],[-73.788072,40.600854]]]}},{"type": "Feature","properties": {"bairro": "Bay Ridge","distrito": "Brooklyn"},"geometry": {"type": "Polygon","coordinates": [[[-74.014752,40.633967],[-74.021216,40.618472],[-74.02835,40.622799],[-74.041652,40.626018],[-74.041063,40.63019],[-74.036807,40.638984],[-74.038688,40.639738],[-74.036725,40.639141],[-74.034509,40.641087],[-74.033227,40.64149],[-74.030271,40.641613],[-74.025774,40.640607],[-74.014752,40.633967]]]}},{"type": "Feature","properties": {"bairro": "Belmont","distrito": "Bronx"},"geometry": {"type": "Polygon","coordinates": [[[-73.880675,40.85716],[-73.883109,40.848273],[-73.884465,40.845985],[-73.897085,40.851972],[-73.890855,40.861414],[-73.885151,40.858481],[-73.880675,40.85716]]]}},{"type": "Feature","properties": {"bairro": "Gerritsen Beach","distrito": "Brooklyn"},"geometry": {"type": "Polygon","coordinates": [[[-73.935032,40.601734],[-73.933543,40.602697],[-73.925933,40.595924],[-73.927579,40.595043],[-73.918056,40.586437],[-73.920822,40.585996],[-73.920906,40.585591],[-73.922353,40.586024],[-73.924757,40.585633],[-73.927208,40.587723],[-73.927683,40.587362],[-73.927357,40.588022],[-73.927916,40.587549],[-73.928079,40.587702],[-73.927369,40.588045],[-73.927426,40.588219],[-73.927902,40.587953],[-73.928022,40.588069],[-73.927455,40.5883],[-73.927761,40.588661],[-73.923953,40.59114],[-73.9242,40.591364],[-73.928631,40.588573],[-73.928441,40.58903],[-73.929134,40.588879],[-73.928757,40.589153],[-73.929982,40.589516],[-73.929361,40.589251],[-73.929766,40.589292],[-73.930328,40.589658],[-73.930726,40.59109],[-73.930372,40.591211],[-73.930354,40.592555],[-73.929712,40.59312],[-73.930042,40.593061],[-73.92986,40.593782],[-73.930017,40.594095],[-73.93005,40.593602],[-73.930459,40.593814],[-73.93057,40.594186],[-73.93004,40.594105],[-73.93053,40.594451],[-73.931221,40.594183],[-73.930955,40.594466],[-73.931367,40.594529],[-73.931742,40.594284],[-73.931758,40.594384],[-73.931368,40.594546],[-73.930781,40.594499],[-73.933056,40.594887],[-73.934227,40.60101],[-73.935032,40.601734]]]}},{"type": "Feature","properties": {"bairro": "Port Ivory","distrito": "Staten Island"},"geometry": {"type": "Polygon","coordinates": [[[-74.17105,40.642594],[-74.171287,40.640518],[-74.172598,40.640315],[-74.175895,40.641193],[-74.180805,40.640818],[-74.186157,40.643291],[-74.184836,40.644128],[-74.183651,40.64224],[-74.184026,40.6431],[-74.183242,40.642964],[-74.18366,40.644616],[-74.180872,40.644851],[-74.180041,40.644288],[-74.179896,40.645269],[-74.17973,40.644381],[-74.179331,40.644401],[-74.179251,40.645042],[-74.179075,40.644647],[-74.179598,40.641922],[-74.179187,40.642988],[-74.178257,40.642129],[-74.178341,40.642589],[-74.177211,40.643123],[-74.176705,40.642417],[-74.176358,40.642327],[-74.176668,40.643387],[-74.175603,40.643311],[-74.175685,40.64471],[-74.174366,40.645136],[-74.172941,40.644205],[-74.173002,40.643585],[-74.172362,40.643256],[-74.172721,40.642948],[-74.171336,40.642856],[-74.17186,40.642523],[-74.171587,40.64103],[-74.172023,40.640989],[-74.172479,40.640692],[-74.172904,40.640594],[-74.172999,40.640498],[-74.17157,40.641012],[-74.171374,40.642085],[-74.17105,40.642594]]]}},{"type": "Feature","properties": {"bairro": "Soundview","distrito": "Bronx"},"geometry": {"type": "Polygon","coordinates": [[[-73.858264,40.822015],[-73.879769,40.819181],[-73.88055,40.818468],[-73.883187,40.820281],[-73.88457,40.82316],[-73.884531,40.825647],[-73.883817,40.82833],[-73.877299,40.828742],[-73.862702,40.832979],[-73.85879,40.824209],[-73.858264,40.822015]]]}},{"type": "Feature","properties": {"bairro": "Astoria","distrito": "Queens"},"geometry": {"type": "Polygon","coordinates": [[[-73.901603,40.76777],[-73.903569,40.76578],[-73.902184,40.76267],[-73.900866,40.757674],[-73.90737,40.756988],[-73.90907,40.757565],[-73.910618,40.755476],[-73.911764,40.755573],[-73.913519,40.753496],[-73.920865,40.756678],[-73.923372,40.753594],[-73.929751,40.756581],[-73.92538,40.76197],[-73.938064,40.768771],[-73.93524,40.769679],[-73.934695,40.770425],[-73.935147,40.770542],[-73.935008,40.771162],[-73.934485,40.771307],[-73.934954,40.771373],[-73.934929,40.77144],[-73.934435,40.771462],[-73.937459,40.772531],[-73.937858,40.774088],[-73.937648,40.775086],[-73.936089,40.777184],[-73.934744,40.778076],[-73.932722,40.778035],[-73.93105,40.777442],[-73.929881,40.776222],[-73.928277,40.776899],[-73.923976,40.774622],[-73.923036,40.775387],[-73.922323,40.774415],[-73.916563,40.770405],[-73.901603,40.76777]]]}},{"type": "Feature","properties": {"bairro": "Bath Beach","distrito": "Brooklyn"},"geometry": {"type": "Polygon","coordinates": [[[-73.99381,40.60195],[-74.000471,40.595939],[-74.000167,40.595549],[-74.001844,40.593978],[-74.005526,40.597539],[-74.010901,40.600716],[-74.014784,40.602082],[-74.019435,40.602844],[-74.018531,40.604458],[-74.015499,40.606842],[-74.01702,40.607655],[-74.011726,40.612744],[-73.99381,40.60195]]]}},{"type": "Feature","properties": {"bairro": "Bayside","distrito": "Queens"},"geometry": {"type": "Polygon","coordinates": [[[-73.747506,40.756138],[-73.743763,40.747559],[-73.74648,40.746846],[-73.744765,40.743332],[-73.745735,40.74295],[-73.748443,40.743341],[-73.753493,40.742388],[-73.751452,40.740234],[-73.749903,40.739766],[-73.744016,40.740775],[-73.743333,40.738883],[-73.762754,40.735297],[-73.762473,40.736557],[-73.763606,40.739227],[-73.765628,40.743185],[-73.767024,40.744264],[-73.767626,40.745526],[-73.768507,40.74513],[-73.769788,40.742954],[-73.77082,40.742559],[-73.773251,40.742454],[-73.775601,40.743026],[-73.780532,40.753329],[-73.785167,40.760928],[-73.785566,40.762927],[-73.788136,40.764526],[-73.792248,40.769722],[-73.792715,40.773788],[-73.775839,40.778606],[-73.775599,40.779316],[-73.770652,40.782078],[-73.768201,40.779444],[-73.767024,40.780086],[-73.766776,40.779812],[-73.768162,40.779397],[-73.767091,40.776845],[-73.765104,40.773799],[-73.762239,40.771221],[-73.762631,40.771101],[-73.760298,40.768699],[-73.758258,40.763705],[-73.756992,40.762275],[-73.758398,40.762008],[-73.758054,40.760127],[-73.760933,40.759032],[-73.761663,40.75815],[-73.761421,40.755745],[-73.760666,40.754875],[-73.76015,40.755049],[-73.760727,40.755902],[-73.760672,40.756994],[-73.759777,40.757848],[-73.757978,40.758665],[-73.753478,40.758813],[-73.752422,40.760088],[-73.750463,40.759392],[-73.747506,40.756138]]]}},{"type": "Feature","properties": {"bairro": "Battery Park City","distrito": "Manhattan"},"geometry": {"type": "Polygon","coordinates": [[[-74.01244,40.719058],[-74.014262,40.710928],[-74.016542,40.704733],[-74.016174,40.702572],[-74.015127,40.70139],[-74.014008,40.701043],[-74.014221,40.700111],[-74.014289,40.700644],[-74.014671,40.70021],[-74.014324,40.700661],[-74.014643,40.700817],[-74.015098,40.700334],[-74.014674,40.700835],[-74.017145,40.702705],[-74.01757,40.704184],[-74.018448,40.704162],[-74.018668,40.704435],[-74.017481,40.704667],[-74.018887,40.704729],[-74.019343,40.706094],[-74.019123,40.706976],[-74.018535,40.706918],[-74.01819,40.707822],[-74.018855,40.708048],[-74.01777,40.712835],[-74.0178,40.712345],[-74.016625,40.712157],[-74.01632,40.713408],[-74.017544,40.713611],[-74.017725,40.71307],[-74.016694,40.718649],[-74.013213,40.718316],[-74.013036,40.719086],[-74.01244,40.719058]]]}},{"type": "Feature","properties": {"bairro": "Bay Terrace","distrito": "Queens"},"geometry": {"type": "Polygon","coordinates": [[[-73.770652,40.782078],[-73.775599,40.779316],[-73.775839,40.778606],[-73.792715,40.773788],[-73.795086,40.785861],[-73.79548,40.785831],[-73.794786,40.786719],[-73.794975,40.788082],[-73.79338,40.789578],[-73.79362,40.788997],[-73.792807,40.788783],[-73.790282,40.790317],[-73.785681,40.790341],[-73.78253,40.791277],[-73.784342,40.791749],[-73.781747,40.791133],[-73.781078,40.791677],[-73.780775,40.792991],[-73.78166,40.793482],[-73.780724,40.793334],[-73.780791,40.794036],[-73.781903,40.794902],[-73.783258,40.794924],[-73.782003,40.794975],[-73.781542,40.79566],[-73.779433,40.796662],[-73.778067,40.796739],[-73.776126,40.796061],[-73.774314,40.794425],[-73.773632,40.79275],[-73.772326,40.791481],[-73.772133,40.790179],[-73.770631,40.788463],[-73.771737,40.787464],[-73.774268,40.786757],[-73.776337,40.788487],[-73.774265,40.786651],[-73.774076,40.785917],[-73.770652,40.782078]]]}},{"type": "Feature","properties": {"bairro": "Bay Terrace,Staten Island","distrito": "Staten Island"},"geometry": {"type": "Polygon","coordinates": [[[-74.132614,40.563453],[-74.134808,40.560799],[-74.128117,40.556535],[-74.136089,40.550424],[-74.13738,40.551473],[-74.138803,40.550597],[-74.139479,40.551069],[-74.1415,40.549589],[-74.142638,40.55074],[-74.143518,40.550155],[-74.144021,40.551024],[-74.14476,40.550512],[-74.145599,40.552081],[-74.146551,40.556235],[-74.14422,40.558336],[-74.14374,40.557984],[-74.143047,40.558461],[-74.143859,40.559161],[-74.142588,40.559894],[-74.148306,40.564919],[-74.146874,40.566426],[-74.14252,40.563893],[-74.138929,40.567264],[-74.134617,40.565247],[-74.134768,40.564514],[-74.132614,40.563453]]]}},{"type": "Feature","properties": {"bairro": "Baychester","distrito": "Bronx"},"geometry": {"type": "Polygon","coordinates": [[[-73.834204,40.87201],[-73.829119,40.861587],[-73.848597,40.87167],[-73.853637,40.8733],[-73.850689,40.875487],[-73.845461,40.87735],[-73.843241,40.879109],[-73.834854,40.875387],[-73.834204,40.87201]]]}},{"type": "Feature","properties": {"bairro": "Bayswater","distrito": "Queens"},"geometry": {"type": "Polygon","coordinates": [[[-73.765065,40.613568],[-73.76506,40.612035],[-73.762299,40.611359],[-73.761724,40.611847],[-73.760236,40.610821],[-73.761551,40.609031],[-73.759984,40.610879],[-73.759491,40.610816],[-73.759721,40.610152],[-73.755608,40.610078],[-73.755874,40.610385],[-73.754995,40.610132],[-73.753458,40.61052],[-73.75471,40.606381],[-73.756009,40.603873],[-73.758003,40.602858],[-73.764968,40.59738],[-73.766722,40.596325],[-73.767718,40.596261],[-73.767945,40.598154],[-73.770861,40.598829],[-73.771161,40.599422],[-73.770839,40.601811],[-73.770186,40.602749],[-73.770565,40.60484],[-73.770009,40.605337],[-73.770015,40.607216],[-73.769001,40.609392],[-73.769818,40.610088],[-73.771251,40.61039],[-73.772235,40.611502],[-73.773404,40.61109],[-73.772963,40.610153],[-73.773938,40.61212],[-73.774172,40.61183],[-73.773386,40.613675],[-73.766691,40.614255],[-73.765065,40.613568]]]}},{"type": "Feature","properties": {"bairro": "Bedford-Stuyvesant","distrito": "Brooklyn"},"geometry": {"type": "Polygon","coordinates": [[[-73.941931,40.700725],[-73.905479,40.680039],[-73.90786,40.678134],[-73.908088,40.67619],[-73.952432,40.678611],[-73.958292,40.679831],[-73.961899,40.698188],[-73.941931,40.700725]]]}},{"type": "Feature","properties": {"bairro": "Belle Harbor","distrito": "Queens"},"geometry": {"type": "Polygon","coordinates": [[[-73.847319,40.581957],[-73.842862,40.5742],[-73.856007,40.569549],[-73.860614,40.577252],[-73.853055,40.581255],[-73.850444,40.58213],[-73.847319,40.581957]]]}},{"type": "Feature","properties": {"bairro": "Bellerose","distrito": "Queens"},"geometry": {"type": "Polygon","coordinates": [[[-73.72132,40.752811],[-73.714822,40.73797],[-73.710831,40.730957],[-73.7105,40.727227],[-73.718305,40.726036],[-73.729529,40.722549],[-73.731492,40.727419],[-73.745507,40.730656],[-73.746641,40.731763],[-73.74681,40.732505],[-73.742962,40.735547],[-73.740155,40.738531],[-73.738477,40.738117],[-73.733794,40.738988],[-73.733208,40.741796],[-73.733746,40.742839],[-73.730059,40.74602],[-73.726526,40.751827],[-73.722917,40.754098],[-73.72132,40.752811]]]}},{"type": "Feature","properties": {"bairro": "Bensonhurst","distrito": "Brooklyn"},"geometry": {"type": "Polygon","coordinates": [[[-73.972998,40.608833],[-73.988423,40.607119],[-73.99381,40.60195],[-74.011726,40.612744],[-73.99932,40.624672],[-73.972998,40.608833]]]}},{"type": "Feature","properties": {"bairro": "Bergen Beach","distrito": "Brooklyn"},"geometry": {"type": "Polygon","coordinates": [[[-73.91732,40.631007],[-73.903961,40.624834],[-73.903855,40.62494],[-73.905462,40.625775],[-73.90533,40.625865],[-73.902547,40.624444],[-73.90327,40.624484],[-73.902833,40.624051],[-73.902415,40.624463],[-73.902287,40.62441],[-73.902936,40.623624],[-73.900987,40.622541],[-73.900705,40.621629],[-73.898118,40.621852],[-73.896441,40.621395],[-73.895614,40.619801],[-73.896643,40.617348],[-73.895861,40.614518],[-73.892499,40.613792],[-73.890954,40.612834],[-73.891414,40.612125],[-73.893964,40.611214],[-73.891894,40.611535],[-73.891078,40.612277],[-73.889702,40.611563],[-73.890302,40.610318],[-73.892267,40.609165],[-73.892773,40.607166],[-73.895913,40.605845],[-73.898339,40.605304],[-73.899832,40.605503],[-73.900877,40.60698],[-73.900164,40.610104],[-73.90135,40.611089],[-73.901333,40.611718],[-73.902487,40.611862],[-73.901193,40.610564],[-73.90133,40.610481],[-73.902651,40.611781],[-73.90236,40.61198],[-73.902719,40.611826],[-73.903044,40.612095],[-73.902423,40.612034],[-73.907173,40.61601],[-73.90681,40.61636],[-73.907443,40.616259],[-73.907022,40.616534],[-73.907527,40.616344],[-73.907242,40.616552],[-73.907968,40.617047],[-73.907814,40.617374],[-73.909071,40.61716],[-73.908354,40.616531],[-73.908794,40.616873],[-73.909139,40.616532],[-73.907973,40.615737],[-73.908157,40.615601],[-73.909177,40.616522],[-73.908815,40.61689],[-73.909205,40.616814],[-73.912525,40.619831],[-73.917253,40.619549],[-73.918586,40.632057],[-73.916248,40.633621],[-73.900588,40.62634],[-73.901519,40.625099],[-73.916332,40.632039],[-73.917426,40.631581],[-73.91732,40.631007]]]}},{"type": "Feature","properties": {"bairro": "Bloomfield","distrito": "Staten Island"},"geometry": {"type": "Polygon","coordinates": [[[-74.16848,40.621562],[-74.173684,40.620528],[-74.17604,40.618776],[-74.178373,40.615815],[-74.182929,40.608148],[-74.18382,40.605294],[-74.18543,40.603378],[-74.184039,40.602687],[-74.184845,40.602159],[-74.190373,40.602385],[-74.194357,40.601115],[-74.195834,40.602301],[-74.19704,40.599983],[-74.19834,40.600657],[-74.200149,40.603683],[-74.202218,40.60597],[-74.202816,40.608271],[-74.202444,40.613285],[-74.200383,40.616428],[-74.200914,40.617799],[-74.200352,40.618342],[-74.20084,40.618804],[-74.20107,40.620382],[-74.200428,40.620495],[-74.201432,40.621613],[-74.201632,40.623122],[-74.201077,40.624078],[-74.201061,40.625895],[-74.201417,40.626071],[-74.200986,40.629344],[-74.200426,40.629821],[-74.200787,40.630346],[-74.200403,40.630292],[-74.200404,40.631446],[-74.198344,40.633141],[-74.197287,40.633292],[-74.196029,40.634996],[-74.178845,40.626106],[-74.16848,40.621562]]]}},{"type": "Feature","properties": {"bairro": "Boerum Hill","distrito": "Brooklyn"},"geometry": {"type": "Polygon","coordinates": [[[-73.979903,40.687466],[-73.978026,40.684864],[-73.980051,40.68186],[-73.988712,40.685224],[-73.98914,40.684594],[-73.991332,40.685448],[-73.990035,40.687365],[-73.991509,40.687959],[-73.991094,40.688571],[-73.992623,40.689161],[-73.991742,40.690993],[-73.986196,40.688999],[-73.985854,40.689602],[-73.979903,40.687466]]]}},{"type": "Feature","properties": {"bairro": "Borough Park","distrito": "Brooklyn"},"geometry": {"type": "Polygon","coordinates": [[[-73.996088,40.648307],[-73.978532,40.637892],[-73.972998,40.608833],[-74.012536,40.632632],[-73.996088,40.648307]]]}},{"type": "Feature","properties": {"bairro": "Brighton Beach","distrito": "Brooklyn"},"geometry": {"type": "Polygon","coordinates": [[[-73.96661,40.584575],[-73.96521,40.583788],[-73.96207,40.584203],[-73.959007,40.582838],[-73.957353,40.583023],[-73.956536,40.582659],[-73.95414,40.583105],[-73.952363,40.574292],[-73.956208,40.574265],[-73.956345,40.573798],[-73.956568,40.574171],[-73.958435,40.574089],[-73.958966,40.573947],[-73.958987,40.573431],[-73.959096,40.573864],[-73.959829,40.573929],[-73.967203,40.573326],[-73.969451,40.572857],[-73.969246,40.572304],[-73.969756,40.572847],[-73.97133,40.572644],[-73.971183,40.571942],[-73.971607,40.572628],[-73.972935,40.572475],[-73.973345,40.572321],[-73.97325,40.571627],[-73.973448,40.572272],[-73.975286,40.57205],[-73.975406,40.571421],[-73.975926,40.572019],[-73.977301,40.571862],[-73.977671,40.571171],[-73.978076,40.57123],[-73.977715,40.571252],[-73.977808,40.571756],[-73.978455,40.571892],[-73.979847,40.571539],[-73.979443,40.571221],[-73.980613,40.571662],[-73.982734,40.58337],[-73.977517,40.582745],[-73.96661,40.584575]]]}},{"type": "Feature","properties": {"bairro": "Prospect-Lefferts Gardens","distrito": "Brooklyn"},"geometry": {"type": "Polygon","coordinates": [[[-73.939926,40.6639],[-73.93956,40.656063],[-73.959696,40.654839],[-73.96176,40.654071],[-73.96309,40.662165],[-73.962212,40.663177],[-73.945463,40.66423],[-73.939926,40.6639]]]}},{"type": "Feature","properties": {"bairro": "Mott Haven","distrito": "Bronx"},"geometry": {"type": "Polygon","coordinates": [[[-73.932442,40.819565],[-73.917625,40.816055],[-73.910948,40.813621],[-73.904466,40.812282],[-73.902718,40.810917],[-73.900905,40.811429],[-73.90627,40.807451],[-73.916281,40.803263],[-73.926857,40.807709],[-73.932632,40.811905],[-73.932442,40.819565]]]}},{"type": "Feature","properties": {"bairro": "Bronxdale","distrito": "Bronx"},"geometry": {"type": "Polygon","coordinates": [[[-73.868882,40.857223],[-73.856389,40.857594],[-73.865477,40.850284],[-73.868609,40.852088],[-73.869948,40.855886],[-73.868882,40.857223]]]}},{"type": "Feature","properties": {"bairro": "Breezy Point","distrito": "Queens"},"geometry": {"type": "Polygon","coordinates": [[[-73.863754,40.56858],[-73.862704,40.566502],[-73.863559,40.567027],[-73.865576,40.56656],[-73.866617,40.566092],[-73.866309,40.565546],[-73.866964,40.566069],[-73.868487,40.565527],[-73.868251,40.565069],[-73.868528,40.565545],[-73.870622,40.564813],[-73.870276,40.564175],[-73.870913,40.564765],[-73.87264,40.564084],[-73.872379,40.563575],[-73.87322,40.564064],[-73.880297,40.561375],[-73.883247,40.560856],[-73.886975,40.5594],[-73.887893,40.559511],[-73.892139,40.557872],[-73.893515,40.557915],[-73.894918,40.557079],[-73.895512,40.557414],[-73.89708,40.556657],[-73.897995,40.557102],[-73.900586,40.556422],[-73.902569,40.556757],[-73.906914,40.555604],[-73.940474,40.54285],[-73.940737,40.54182],[-73.94013,40.548003],[-73.940653,40.552487],[-73.939851,40.55456],[-73.935706,40.557225],[-73.931921,40.557819],[-73.926157,40.561553],[-73.917661,40.562826],[-73.914553,40.564353],[-73.911883,40.56499],[-73.91197,40.565869],[-73.911858,40.564995],[-73.910038,40.564794],[-73.909717,40.565287],[-73.909763,40.564285],[-73.907948,40.564158],[-73.907976,40.563556],[-73.906839,40.562856],[-73.902907,40.563479],[-73.901511,40.562955],[-73.896281,40.565233],[-73.895333,40.566341],[-73.89566,40.567059],[-73.89261,40.568587],[-73.889111,40.567916],[-73.88431,40.568696],[-73.884887,40.56847],[-73.884337,40.568488],[-73.884737,40.568269],[-73.884457,40.567896],[-73.883791,40.568124],[-73.884023,40.568503],[-73.883577,40.56821],[-73.883904,40.568906],[-73.883369,40.568332],[-73.877808,40.568801],[-73.864129,40.575391],[-73.8632,40.574127],[-73.866685,40.57319],[-73.866785,40.572368],[-73.864628,40.569257],[-73.865387,40.568863],[-73.864963,40.567895],[-73.863754,40.56858]]]}},{"type": "Feature","properties": {"bairro": "Briarwood","distrito": "Queens"},"geometry": {"type": "Polygon","coordinates": [[[-73.807669,40.715506],[-73.80558,40.710237],[-73.802787,40.707716],[-73.81702,40.704041],[-73.817769,40.70548],[-73.818459,40.705663],[-73.8205,40.710111],[-73.8228,40.711838],[-73.826007,40.7156],[-73.821393,40.716316],[-73.817833,40.715708],[-73.807669,40.715506]]]}},{"type": "Feature","properties": {"bairro": "Brooklyn Heights","distrito": "Brooklyn"},"geometry": {"type": "Polygon","coordinates": [[[-73.998871,40.697158],[-74.001049,40.697908],[-74.000488,40.698758],[-73.998378,40.698063],[-73.998021,40.698762],[-74.000018,40.699466],[-73.999475,40.700323],[-73.997161,40.699793],[-73.996698,40.700877],[-73.998139,40.701519],[-73.996192,40.703377],[-73.993258,40.702461],[-73.99093,40.700767],[-73.991365,40.69701],[-73.990447,40.693735],[-73.992368,40.689691],[-74.004008,40.693208],[-74.003462,40.694057],[-74.00127,40.693296],[-74.000959,40.694069],[-74.003014,40.694778],[-74.002398,40.695712],[-74.000269,40.694966],[-73.999413,40.696358],[-74.000431,40.697052],[-73.999474,40.696704],[-73.998871,40.697158]]]}},{"type": "Feature","properties": {"bairro": "Brownsville","distrito": "Brooklyn"},"geometry": {"type": "Polygon","coordinates": [[[-73.903311,40.675873],[-73.899041,40.657372],[-73.899861,40.657296],[-73.900612,40.655982],[-73.902162,40.654676],[-73.908419,40.650595],[-73.925829,40.666217],[-73.925606,40.668514],[-73.92262,40.668372],[-73.91123,40.67308],[-73.908195,40.67538],[-73.908088,40.67619],[-73.903311,40.675873]]]}},{"type": "Feature","properties": {"bairro": "Bull's Head","distrito": "Staten Island"},"geometry": {"type": "Polygon","coordinates": [[[-74.14721,40.608259],[-74.147502,40.606313],[-74.147066,40.605504],[-74.148281,40.60567],[-74.14829,40.604951],[-74.14757,40.604597],[-74.146173,40.602143],[-74.146613,40.599666],[-74.146153,40.597431],[-74.146581,40.59627],[-74.141873,40.596054],[-74.140761,40.597553],[-74.13608,40.597254],[-74.133775,40.596333],[-74.138696,40.588962],[-74.145845,40.588507],[-74.145667,40.589966],[-74.155246,40.595479],[-74.159652,40.596467],[-74.160355,40.595342],[-74.1619,40.595299],[-74.162604,40.593157],[-74.16831,40.594444],[-74.167913,40.596297],[-74.168451,40.596475],[-74.167382,40.601972],[-74.172674,40.602908],[-74.17485,40.602211],[-74.17808,40.599717],[-74.18543,40.603378],[-74.18382,40.605294],[-74.182929,40.608148],[-74.178373,40.615815],[-74.175647,40.619209],[-74.173684,40.620528],[-74.16848,40.621562],[-74.161154,40.618092],[-74.150506,40.609906],[-74.14721,40.608259]]]}},{"type": "Feature","properties": {"bairro": "Bushwick","distrito": "Brooklyn"},"geometry": {"type": "Polygon","coordinates": [[[-73.905822,40.694114],[-73.90158,40.691766],[-73.904773,40.688318],[-73.905495,40.686882],[-73.903684,40.68521],[-73.904054,40.68497],[-73.904739,40.68563],[-73.905714,40.684099],[-73.902754,40.682415],[-73.902642,40.680704],[-73.904052,40.681466],[-73.905479,40.680039],[-73.941149,40.700281],[-73.94042,40.701077],[-73.933951,40.702674],[-73.92598,40.705792],[-73.921676,40.709471],[-73.91198,40.703603],[-73.913078,40.702422],[-73.910672,40.701072],[-73.911769,40.699974],[-73.904263,40.695682],[-73.905822,40.694114]]]}},{"type": "Feature","properties": {"bairro": "Cambria Heights","distrito": "Queens"},"geometry": {"type": "Polygon","coordinates": [[[-73.726764,40.702976],[-73.72587,40.683226],[-73.73365,40.685542],[-73.73562,40.681871],[-73.740365,40.68344],[-73.740806,40.682769],[-73.750236,40.685649],[-73.744823,40.693171],[-73.748643,40.701587],[-73.741624,40.703532],[-73.726764,40.702976]]]}},{"type": "Feature","properties": {"bairro": "Chelsea,Staten Island","distrito": "Staten Island"},"geometry": {"type": "Polygon","coordinates": [[[-74.190579,40.57692],[-74.191733,40.576839],[-74.196343,40.578954],[-74.203645,40.579952],[-74.205942,40.579197],[-74.205993,40.58041],[-74.205081,40.581599],[-74.204119,40.585896],[-74.204581,40.588218],[-74.204122,40.588881],[-74.204705,40.588772],[-74.204646,40.589286],[-74.203859,40.59025],[-74.203886,40.589786],[-74.202014,40.590896],[-74.202468,40.590839],[-74.203053,40.591141],[-74.202027,40.590999],[-74.201841,40.591636],[-74.202316,40.591524],[-74.199741,40.593565],[-74.197514,40.596799],[-74.197306,40.59806],[-74.19834,40.600657],[-74.19704,40.599983],[-74.195834,40.602301],[-74.194357,40.601115],[-74.190373,40.602385],[-74.186247,40.60192],[-74.184039,40.602687],[-74.17808,40.599717],[-74.180271,40.598162],[-74.178495,40.59688],[-74.18537,40.590908],[-74.186345,40.589549],[-74.185216,40.588933],[-74.18614,40.58794],[-74.187008,40.588411],[-74.190107,40.585636],[-74.191576,40.586626],[-74.192342,40.585891],[-74.190579,40.57692]]]}},{"type": "Feature","properties": {"bairro": "Chinatown","distrito": "Manhattan"},"geometry": {"type": "Polygon","coordinates": [[[-74.001886,40.719395],[-73.997791,40.716793],[-73.996478,40.719048],[-73.989155,40.716708],[-73.9902,40.714665],[-73.99012,40.713382],[-73.997994,40.712722],[-73.998086,40.713426],[-74.00045,40.714365],[-74.000789,40.715291],[-73.99994,40.716553],[-74.001554,40.717305],[-74.00208,40.716731],[-74.003533,40.717449],[-74.001886,40.719395]]]}},{"type": "Feature","properties": {"bairro": "City Island","distrito": "Bronx"},"geometry": {"type": "Polygon","coordinates": [[[-73.784524,40.860477],[-73.785197,40.858827],[-73.786018,40.859301],[-73.787432,40.858935],[-73.786859,40.860045],[-73.784524,40.860477]]]}},{"type": "Feature","properties": {"bairro": "Cypress Hills","distrito": "Brooklyn"},"geometry": {"type": "Polygon","coordinates": [[[-73.868064,40.691182],[-73.866027,40.681918],[-73.864101,40.682373],[-73.863282,40.679073],[-73.862346,40.679165],[-73.861318,40.675021],[-73.872099,40.677953],[-73.874964,40.680321],[-73.876333,40.680387],[-73.886019,40.677578],[-73.893993,40.676006],[-73.899707,40.675598],[-73.908088,40.67619],[-73.90786,40.678134],[-73.904052,40.681466],[-73.900439,40.679547],[-73.898836,40.679559],[-73.896696,40.680394],[-73.896441,40.682457],[-73.894523,40.684929],[-73.893464,40.683241],[-73.89024,40.685087],[-73.888167,40.68255],[-73.875655,40.688641],[-73.871419,40.690404],[-73.868064,40.691182]]]}},{"type": "Feature","properties": {"bairro": "Canarsie","distrito": "Brooklyn"},"geometry": {"type": "Polygon","coordinates": [[[-73.890347,40.649034],[-73.8912,40.649142],[-73.888797,40.64605],[-73.889414,40.646938],[-73.888201,40.647141],[-73.888642,40.646785],[-73.888081,40.646621],[-73.88829,40.646044],[-73.88741,40.645329],[-73.888084,40.645151],[-73.887344,40.645224],[-73.886236,40.643817],[-73.883736,40.64245],[-73.879539,40.638218],[-73.878639,40.638294],[-73.878635,40.637552],[-73.877144,40.635976],[-73.878206,40.634573],[-73.883645,40.630943],[-73.883454,40.629908],[-73.884047,40.62956],[-73.882632,40.628274],[-73.883692,40.627559],[-73.88513,40.628827],[-73.887527,40.628332],[-73.890487,40.626225],[-73.890905,40.625016],[-73.892377,40.623733],[-73.895774,40.622519],[-73.901519,40.625099],[-73.900588,40.62634],[-73.916248,40.633621],[-73.918586,40.632057],[-73.920159,40.633316],[-73.922616,40.633224],[-73.922855,40.635564],[-73.919197,40.637481],[-73.919754,40.642908],[-73.902162,40.654676],[-73.900612,40.655982],[-73.899861,40.657296],[-73.899041,40.657372],[-73.89788,40.653354],[-73.895206,40.654488],[-73.890347,40.649034]]]}},{"type": "Feature","properties": {"bairro": "Carroll Gardens","distrito": "Brooklyn"},"geometry": {"type": "Polygon","coordinates": [[[-73.99393,40.686453],[-73.98914,40.684594],[-73.994596,40.676572],[-73.99646,40.677457],[-73.99896,40.67218],[-74.003414,40.679705],[-74.000891,40.6853],[-73.995232,40.683741],[-73.99393,40.686453]]]}},{"type": "Feature","properties": {"bairro": "Castle Hill","distrito": "Bronx"},"geometry": {"type": "Polygon","coordinates": [[[-73.855315,40.814412],[-73.857202,40.822155],[-73.842898,40.824083],[-73.843585,40.827003],[-73.842317,40.827185],[-73.840018,40.82219],[-73.839999,40.819935],[-73.841987,40.818774],[-73.845207,40.811887],[-73.846173,40.810677],[-73.847197,40.81058],[-73.848215,40.812463],[-73.851145,40.814397],[-73.852912,40.814501],[-73.852613,40.813963],[-73.853369,40.813594],[-73.855315,40.814412]]]}},{"type": "Feature","properties": {"bairro": "Castleton Corners","distrito": "Staten Island"},"geometry": {"type": "Polygon","coordinates": [[[-74.110015,40.620688],[-74.1058,40.618829],[-74.10209,40.6146],[-74.097658,40.610503],[-74.109783,40.610254],[-74.11438,40.611193],[-74.12743,40.608615],[-74.136437,40.607791],[-74.143992,40.607741],[-74.14721,40.608259],[-74.14697,40.610151],[-74.13604,40.612262],[-74.13072,40.612558],[-74.132076,40.622702],[-74.13131,40.626328],[-74.121257,40.627823],[-74.11846,40.625269],[-74.11331,40.623042],[-74.110015,40.620688]]]}},{"type": "Feature","properties": {"bairro": "Grant City","distrito": "Staten Island"},"geometry": {"type": "Polygon","coordinates": [[[-74.100345,40.579728],[-74.105833,40.574373],[-74.114826,40.579181],[-74.112987,40.580819],[-74.107974,40.583715],[-74.100345,40.579728]]]}},{"type": "Feature","properties": {"bairro": "Charleston","distrito": "Staten Island"},"geometry": {"type": "Polygon","coordinates": [[[-74.21867,40.55605],[-74.217209,40.554715],[-74.21784,40.554432],[-74.21777,40.553245],[-74.221315,40.550253],[-74.220544,40.548324],[-74.22188,40.54628],[-74.223956,40.540778],[-74.224583,40.537017],[-74.22414,40.532292],[-74.224846,40.5324],[-74.225693,40.529911],[-74.226939,40.528117],[-74.228563,40.527566],[-74.242564,40.528411],[-74.241507,40.531041],[-74.241811,40.532563],[-74.242178,40.532576],[-74.242046,40.534346],[-74.244125,40.536196],[-74.244148,40.536881],[-74.245337,40.536906],[-74.244443,40.538067],[-74.245271,40.539242],[-74.245602,40.54095],[-74.246486,40.542213],[-74.248035,40.543093],[-74.246184,40.545634],[-74.243363,40.547865],[-74.243584,40.547624],[-74.242203,40.546949],[-74.240392,40.547663],[-74.23762,40.550123],[-74.236416,40.550509],[-74.236416,40.552328],[-74.234899,40.553005],[-74.233324,40.552509],[-74.23071,40.555558],[-74.22932,40.555492],[-74.228816,40.556255],[-74.223443,40.556047],[-74.223786,40.55588],[-74.222575,40.555406],[-74.221299,40.555366],[-74.220553,40.555885],[-74.219744,40.554613],[-74.219081,40.554847],[-74.219286,40.555795],[-74.218533,40.554739],[-74.21867,40.55605]]]}},{"type": "Feature","properties": {"bairro": "Chelsea","distrito": "Manhattan"},"geometry": {"type": "Polygon","coordinates": [[[-74.005567,40.757118],[-73.987933,40.749853],[-73.994211,40.741013],[-73.989777,40.739169],[-73.990371,40.737098],[-73.991725,40.735245],[-74.009161,40.742509],[-74.009568,40.743258],[-74.012137,40.743532],[-74.012021,40.74394],[-74.0089,40.743918],[-74.00873,40.744882],[-74.009558,40.745289],[-74.009917,40.745327],[-74.009872,40.744917],[-74.010168,40.744942],[-74.009974,40.745323],[-74.010469,40.745387],[-74.010419,40.744977],[-74.010764,40.745005],[-74.010545,40.745392],[-74.011104,40.745448],[-74.011045,40.745046],[-74.011388,40.745073],[-74.011154,40.745446],[-74.01174,40.74552],[-74.011836,40.745126],[-74.011679,40.745979],[-74.009464,40.74575],[-74.009366,40.746337],[-74.011528,40.746575],[-74.011525,40.746973],[-74.009243,40.746763],[-74.009137,40.74736],[-74.011407,40.747631],[-74.011304,40.748015],[-74.009058,40.747786],[-74.008946,40.748412],[-74.011216,40.748678],[-74.011109,40.74905],[-74.009948,40.748932],[-74.00956,40.749935],[-74.010757,40.750411],[-74.009253,40.749985],[-74.009119,40.750332],[-74.010674,40.751072],[-74.009001,40.750648],[-74.008533,40.751884],[-74.010217,40.752548],[-74.008479,40.752019],[-74.008426,40.752158],[-74.009991,40.752816],[-74.009971,40.752934],[-74.008354,40.752351],[-74.007745,40.754337],[-74.005567,40.757118]]]}},{"type": "Feature","properties": {"bairro": "Civic Center","distrito": "Manhattan"},"geometry": {"type": "Polygon","coordinates": [[[-73.998086,40.713426],[-73.99777,40.711971],[-74.003355,40.71123],[-74.005358,40.712151],[-74.008614,40.711372],[-74.003533,40.717449],[-74.00208,40.716731],[-74.001554,40.717305],[-73.99994,40.716553],[-74.000789,40.715291],[-74.00045,40.714365],[-73.998086,40.713426]]]}},{"type": "Feature","properties": {"bairro": "Claremont Village","distrito": "Bronx"},"geometry": {"type": "Polygon","coordinates": [[[-73.911049,40.845143],[-73.896566,40.843664],[-73.90343,40.832216],[-73.915871,40.836393],[-73.912426,40.84102],[-73.911049,40.845143]]]}},{"type": "Feature","properties": {"bairro": "Clason Point","distrito": "Bronx"},"geometry": {"type": "Polygon","coordinates": [[[-73.85538,40.814289],[-73.853468,40.813478],[-73.851225,40.813556],[-73.849145,40.812299],[-73.849174,40.810924],[-73.850042,40.809215],[-73.849551,40.808721],[-73.849967,40.808578],[-73.849612,40.808124],[-73.84876,40.808337],[-73.849522,40.808055],[-73.848416,40.807369],[-73.84838,40.80636],[-73.847536,40.805926],[-73.847668,40.805166],[-73.848648,40.804699],[-73.849334,40.805051],[-73.849318,40.804661],[-73.849977,40.80506],[-73.85065,40.804478],[-73.85561,40.80447],[-73.856626,40.80483],[-73.85569,40.804677],[-73.855605,40.805062],[-73.857245,40.805307],[-73.856834,40.804909],[-73.85889,40.805889],[-73.858315,40.805999],[-73.858517,40.806638],[-73.859019,40.806607],[-73.858972,40.805966],[-73.859366,40.806676],[-73.859377,40.807568],[-73.859159,40.806879],[-73.858665,40.806833],[-73.85839,40.808259],[-73.858951,40.810271],[-73.860127,40.809605],[-73.859329,40.808997],[-73.85939,40.808164],[-73.86066,40.809632],[-73.867656,40.810584],[-73.870778,40.814487],[-73.87652,40.816131],[-73.876732,40.815386],[-73.874464,40.814645],[-73.878518,40.815799],[-73.882909,40.819536],[-73.883187,40.820281],[-73.88055,40.818468],[-73.879769,40.819181],[-73.857202,40.822155],[-73.85538,40.814289]]]}},{"type": "Feature","properties": {"bairro": "Clifton","distrito": "Staten Island"},"geometry": {"type": "Polygon","coordinates": [[[-74.069244,40.619412],[-74.070954,40.620431],[-74.078056,40.615351],[-74.081103,40.617789],[-74.08721,40.613307],[-74.08778,40.614943],[-74.08608,40.618515],[-74.08533,40.622771],[-74.077413,40.625288],[-74.075031,40.625603],[-74.07524,40.626006],[-74.073976,40.626114],[-74.074152,40.626816],[-74.072766,40.626968],[-74.072255,40.624609],[-74.071062,40.622793],[-74.069755,40.621208],[-74.067286,40.619514],[-74.069244,40.619412]]]}},{"type": "Feature","properties": {"bairro": "Clinton Hill","distrito": "Brooklyn"},"geometry": {"type": "Polygon","coordinates": [[[-73.961899,40.698188],[-73.958292,40.679831],[-73.967477,40.68175],[-73.970773,40.69784],[-73.965418,40.697628],[-73.961899,40.698188]]]}},{"type": "Feature","properties": {"bairro": "Co-op City","distrito": "Bronx"},"geometry": {"type": "Polygon","coordinates": [[[-73.820315,40.885519],[-73.820081,40.883753],[-73.821489,40.878397],[-73.823297,40.874445],[-73.823167,40.869918],[-73.821581,40.868745],[-73.820814,40.868792],[-73.821123,40.86852],[-73.820146,40.867735],[-73.81954,40.865447],[-73.819841,40.862759],[-73.819016,40.862272],[-73.827098,40.859073],[-73.828015,40.860703],[-73.829119,40.861587],[-73.83305,40.869235],[-73.834204,40.87201],[-73.834854,40.875387],[-73.83356,40.878445],[-73.830513,40.881459],[-73.825394,40.884064],[-73.820315,40.885519]]]}},{"type": "Feature","properties": {"bairro": "Cobble Hill","distrito": "Brooklyn"},"geometry": {"type": "Polygon","coordinates": [[[-73.992368,40.689691],[-73.992623,40.689161],[-73.991094,40.688571],[-73.991509,40.687959],[-73.990035,40.687365],[-73.991332,40.685448],[-73.99393,40.686453],[-73.995232,40.683741],[-74.000891,40.6853],[-73.998631,40.68992],[-73.999254,40.691576],[-73.992368,40.689691]]]}},{"type": "Feature","properties": {"bairro": "College Point","distrito": "Queens"},"geometry": {"type": "Polygon","coordinates": [[[-73.832129,40.79009],[-73.830981,40.789154],[-73.830779,40.788361],[-73.82909,40.788564],[-73.82892,40.787692],[-73.82638,40.78798],[-73.825337,40.786704],[-73.82445,40.78674],[-73.825696,40.781691],[-73.825992,40.77982],[-73.825667,40.77974],[-73.827777,40.775977],[-73.830624,40.77329],[-73.835398,40.77036],[-73.836909,40.768866],[-73.839354,40.765057],[-73.840022,40.765316],[-73.839578,40.765252],[-73.839132,40.765991],[-73.839698,40.766393],[-73.839591,40.767111],[-73.840312,40.766295],[-73.843947,40.765495],[-73.847229,40.766313],[-73.848834,40.768752],[-73.8486,40.769818],[-73.849503,40.769511],[-73.849774,40.769936],[-73.848726,40.770106],[-73.84867,40.770762],[-73.849942,40.771927],[-73.850338,40.771744],[-73.851301,40.771806],[-73.849952,40.771958],[-73.848975,40.773562],[-73.848967,40.778022],[-73.849932,40.778769],[-73.84964,40.779483],[-73.850947,40.779069],[-73.851488,40.778993],[-73.849817,40.77963],[-73.852353,40.779481],[-73.852357,40.779169],[-73.852387,40.779529],[-73.849562,40.779879],[-73.851689,40.779868],[-73.849493,40.780065],[-73.849888,40.781089],[-73.85094,40.781081],[-73.849886,40.781122],[-73.849845,40.781593],[-73.849186,40.781642],[-73.849547,40.781841],[-73.849246,40.782256],[-73.855281,40.781975],[-73.855449,40.783143],[-73.856452,40.783323],[-73.85665,40.782892],[-73.85684,40.783371],[-73.858082,40.783724],[-73.857976,40.784678],[-73.859524,40.785562],[-73.858989,40.785492],[-73.858112,40.787057],[-73.856811,40.786673],[-73.855957,40.787675],[-73.852842,40.788211],[-73.854802,40.788619],[-73.854471,40.790259],[-73.852652,40.791122],[-73.853779,40.792421],[-73.853734,40.793935],[-73.852765,40.794389],[-73.85263,40.794943],[-73.851591,40.794087],[-73.84906,40.793363],[-73.848875,40.795134],[-73.848401,40.795565],[-73.846245,40.796162],[-73.844599,40.794912],[-73.843545,40.794914],[-73.843306,40.795501],[-73.842849,40.795213],[-73.843281,40.796168],[-73.842809,40.795418],[-73.842258,40.795585],[-73.842867,40.796922],[-73.842167,40.795613],[-73.841586,40.795401],[-73.841298,40.79622],[-73.840138,40.796879],[-73.840415,40.797678],[-73.837901,40.798508],[-73.840259,40.797589],[-73.839971,40.796906],[-73.838401,40.796755],[-73.837065,40.793851],[-73.836532,40.791743],[-73.837646,40.791036],[-73.837504,40.790462],[-73.836818,40.79047],[-73.837482,40.790434],[-73.837281,40.78901],[-73.837133,40.789564],[-73.835658,40.789573],[-73.834136,40.789066],[-73.833812,40.788523],[-73.832928,40.788518],[-73.831436,40.789181],[-73.832129,40.79009]]]}},{"type": "Feature","properties": {"bairro": "Crown Heights","distrito": "Brooklyn"},"geometry": {"type": "Polygon","coordinates": [[[-73.961258,40.664802],[-73.964389,40.681105],[-73.952432,40.678611],[-73.908088,40.67619],[-73.908195,40.67538],[-73.91123,40.67308],[-73.92262,40.668372],[-73.925606,40.668514],[-73.925829,40.666217],[-73.925453,40.665905],[-73.93078,40.663601],[-73.932619,40.663514],[-73.945463,40.66423],[-73.96186,40.663217],[-73.961258,40.664802]]]}},{"type": "Feature","properties": {"bairro": "Columbia St","distrito": "Brooklyn"},"geometry": {"type": "Polygon","coordinates": [[[-74.001744,40.692407],[-73.999254,40.691576],[-73.998631,40.68992],[-74.003414,40.679705],[-74.005675,40.68293],[-74.00701,40.683729],[-74.00756,40.683737],[-74.0123,40.679731],[-74.015387,40.681867],[-74.01282,40.683622],[-74.012135,40.682906],[-74.014105,40.681713],[-74.013018,40.680412],[-74.009671,40.683269],[-74.010773,40.684359],[-74.011783,40.68376],[-74.012176,40.684095],[-74.008354,40.6864],[-74.005882,40.686196],[-74.00563,40.686784],[-74.007833,40.687385],[-74.00742,40.688206],[-74.00503,40.687612],[-74.004593,40.688215],[-74.006784,40.688827],[-74.006365,40.68967],[-74.00382,40.68893],[-74.003431,40.689619],[-74.005759,40.690236],[-74.005342,40.691092],[-74.000962,40.690129],[-74.000699,40.690612],[-74.004794,40.691762],[-74.004409,40.692529],[-74.001969,40.691843],[-74.001744,40.692407]]]}},{"type": "Feature","properties": {"bairro": "Concord","distrito": "Staten Island"},"geometry": {"type": "Polygon","coordinates": [[[-74.083466,40.606874],[-74.077538,40.606886],[-74.073339,40.606098],[-74.066503,40.603336],[-74.064638,40.600183],[-74.073623,40.59721],[-74.073872,40.597637],[-74.077164,40.59839],[-74.08171,40.598563],[-74.084809,40.597438],[-74.085875,40.59589],[-74.090292,40.596196],[-74.093364,40.597033],[-74.09178,40.598719],[-74.092837,40.601089],[-74.0924,40.607072],[-74.090109,40.609403],[-74.083466,40.606874]]]}},{"type": "Feature","properties": {"bairro": "Concourse","distrito": "Bronx"},"geometry": {"type": "Polygon","coordinates": [[[-73.915335,40.836957],[-73.919856,40.831949],[-73.927313,40.81856],[-73.932442,40.819565],[-73.93309,40.82829],[-73.930964,40.828352],[-73.928756,40.829186],[-73.925364,40.832625],[-73.923967,40.835082],[-73.919017,40.838381],[-73.915335,40.836957]]]}},{"type": "Feature","properties": {"bairro": "Concourse Village","distrito": "Bronx"},"geometry": {"type": "Polygon","coordinates": [[[-73.907069,40.833437],[-73.910307,40.828773],[-73.920704,40.822227],[-73.92538,40.818066],[-73.927313,40.81856],[-73.919856,40.831949],[-73.918389,40.833809],[-73.915738,40.836532],[-73.907069,40.833437]]]}},{"type": "Feature","properties": {"bairro": "Coney Island","distrito": "Brooklyn"},"geometry": {"type": "Polygon","coordinates": [[[-73.980613,40.571662],[-73.982041,40.57148],[-73.981572,40.57125],[-73.983673,40.571407],[-73.983404,40.570166],[-73.983043,40.570146],[-73.983361,40.56953],[-73.983839,40.570112],[-73.983488,40.570156],[-73.983758,40.571396],[-73.990263,40.570708],[-73.990793,40.570249],[-73.991173,40.570612],[-73.995187,40.570022],[-73.995744,40.570393],[-74.001064,40.570402],[-74.002012,40.570209],[-74.002085,40.569586],[-74.00388,40.581635],[-73.998122,40.581455],[-73.997809,40.580596],[-73.988428,40.578816],[-73.986695,40.579815],[-73.987021,40.580023],[-73.985959,40.58141],[-73.984646,40.581538],[-73.982734,40.58337],[-73.980613,40.571662]]]}},{"type": "Feature","properties": {"bairro": "Corona","distrito": "Queens"},"geometry": {"type": "Polygon","coordinates": [[[-73.848853,40.738327],[-73.864427,40.733905],[-73.867563,40.740942],[-73.867491,40.743295],[-73.868535,40.747706],[-73.869411,40.749165],[-73.861666,40.749945],[-73.852191,40.752639],[-73.850742,40.750088],[-73.854396,40.748907],[-73.850078,40.740841],[-73.84778,40.740155],[-73.848853,40.738327]]]}},{"type": "Feature","properties": {"bairro": "Mount Eden","distrito": "Bronx"},"geometry": {"type": "Polygon","coordinates": [[[-73.91132,40.844783],[-73.912426,40.84102],[-73.915335,40.836957],[-73.919017,40.838381],[-73.922369,40.836147],[-73.92222,40.837986],[-73.921314,40.840005],[-73.9228,40.842775],[-73.922661,40.844632],[-73.914199,40.845115],[-73.91132,40.844783]]]}},{"type": "Feature","properties": {"bairro": "Jamaica Hills","distrito": "Queens"},"geometry": {"type": "Polygon","coordinates": [[[-73.79304,40.710711],[-73.802787,40.707716],[-73.80558,40.710237],[-73.807684,40.715554],[-73.791137,40.719207],[-73.792051,40.717723],[-73.792451,40.71561],[-73.79365,40.714011],[-73.79304,40.710711]]]}},{"type": "Feature","properties": {"bairro": "Country Club","distrito": "Bronx"},"geometry": {"type": "Polygon","coordinates": [[[-73.816312,40.84855],[-73.816105,40.846455],[-73.815719,40.846293],[-73.815459,40.846603],[-73.814627,40.847143],[-73.814646,40.84722],[-73.814511,40.847106],[-73.815704,40.846291],[-73.813686,40.847274],[-73.813564,40.847151],[-73.814909,40.846469],[-73.814424,40.846188],[-73.815026,40.8455],[-73.813189,40.84623],[-73.814032,40.845589],[-73.813633,40.845281],[-73.813353,40.845854],[-73.813289,40.845951],[-73.813213,40.845923],[-73.813619,40.845275],[-73.81326,40.845234],[-73.812849,40.846319],[-73.813243,40.845236],[-73.813101,40.845172],[-73.812877,40.845135],[-73.81241,40.846571],[-73.812858,40.84513],[-73.812545,40.84498],[-73.811884,40.846595],[-73.812436,40.846738],[-73.8117,40.846682],[-73.812661,40.844208],[-73.813118,40.844788],[-73.812549,40.844952],[-73.813656,40.845059],[-73.814145,40.844818],[-73.8137,40.844848],[-73.81417,40.84464],[-73.813363,40.843853],[-73.814375,40.843089],[-73.815666,40.84438],[-73.816311,40.84398],[-73.817501,40.844367],[-73.818237,40.844355],[-73.816627,40.843945],[-73.815723,40.842537],[-73.815171,40.842577],[-73.815702,40.84252],[-73.815281,40.841295],[-73.814733,40.841376],[-73.815247,40.841062],[-73.814806,40.839804],[-73.814366,40.839865],[-73.814723,40.839589],[-73.814316,40.83965],[-73.814309,40.839622],[-73.816265,40.838264],[-73.816061,40.83603],[-73.823335,40.834415],[-73.824444,40.835741],[-73.826013,40.834021],[-73.825194,40.835225],[-73.825775,40.838127],[-73.825568,40.842817],[-73.826113,40.845339],[-73.820484,40.848501],[-73.820141,40.84802],[-73.816312,40.84855]]]}},{"type": "Feature","properties": {"bairro": "Mount Hope","distrito": "Bronx"},"geometry": {"type": "Polygon","coordinates": [[[-73.907333,40.853816],[-73.902719,40.851851],[-73.900694,40.850253],[-73.900884,40.84941],[-73.900097,40.849209],[-73.902706,40.844568],[-73.911049,40.845143],[-73.91226,40.844718],[-73.914199,40.845115],[-73.907333,40.853816]]]}},{"type": "Feature","properties": {"bairro": "DUMBO","distrito": "Brooklyn"},"geometry": {"type": "Polygon","coordinates": [[[-73.986623,40.704979],[-73.986434,40.705349],[-73.984535,40.70552],[-73.98476,40.701446],[-73.986748,40.701526],[-73.986784,40.70112],[-73.991987,40.701607],[-73.995446,40.703275],[-73.9948,40.703292],[-73.994776,40.704246],[-73.993863,40.704556],[-73.992127,40.70469],[-73.991418,40.704004],[-73.990227,40.704934],[-73.988303,40.70454],[-73.98829,40.705071],[-73.986623,40.704979]]]}},{"type": "Feature","properties": {"bairro": "Dongan Hills","distrito": "Staten Island"},"geometry": {"type": "Polygon","coordinates": [[[-74.076016,40.578245],[-74.079263,40.575671],[-74.07868,40.575082],[-74.079337,40.575627],[-74.080803,40.574723],[-74.085106,40.578288],[-74.087152,40.579358],[-74.088974,40.577145],[-74.093443,40.579049],[-74.095212,40.577045],[-74.107974,40.583715],[-74.102079,40.588741],[-74.100883,40.590179],[-74.100931,40.591033],[-74.076016,40.578245]]]}},{"type": "Feature","properties": {"bairro": "Douglaston","distrito": "Queens"},"geometry": {"type": "Polygon","coordinates": [[[-73.746216,40.777986],[-73.744862,40.773634],[-73.744378,40.773204],[-73.741839,40.773629],[-73.738881,40.770791],[-73.73527,40.764571],[-73.731803,40.76066],[-73.729908,40.757378],[-73.725886,40.752291],[-73.727962,40.750026],[-73.730059,40.74602],[-73.733746,40.742839],[-73.735051,40.744875],[-73.735418,40.747142],[-73.738298,40.749222],[-73.741847,40.753465],[-73.741331,40.754593],[-73.73976,40.755445],[-73.739162,40.756295],[-73.739292,40.757055],[-73.740841,40.756009],[-73.744422,40.760491],[-73.746217,40.764226],[-73.749287,40.763088],[-73.750025,40.763749],[-73.756992,40.762275],[-73.758258,40.763705],[-73.760298,40.768699],[-73.762631,40.771101],[-73.762239,40.771221],[-73.759074,40.768454],[-73.758422,40.767199],[-73.754937,40.766093],[-73.751649,40.763558],[-73.755072,40.767533],[-73.754395,40.768761],[-73.755573,40.771529],[-73.754381,40.772041],[-73.753367,40.773208],[-73.755186,40.776498],[-73.754813,40.777619],[-73.755518,40.777584],[-73.755517,40.777704],[-73.754558,40.777777],[-73.752998,40.781289],[-73.750816,40.782886],[-73.748535,40.778857],[-73.746216,40.777986]]]}},{"type": "Feature","properties": {"bairro": "Downtown Brooklyn","distrito": "Brooklyn"},"geometry": {"type": "Polygon","coordinates": [[[-73.986784,40.70112],[-73.985593,40.698491],[-73.980544,40.698246],[-73.980507,40.696498],[-73.982419,40.695973],[-73.982631,40.692224],[-73.979903,40.687466],[-73.985854,40.689602],[-73.986196,40.688999],[-73.991742,40.690993],[-73.99045,40.693735],[-73.99136,40.69701],[-73.99093,40.700767],[-73.991987,40.701607],[-73.986784,40.70112]]]}},{"type": "Feature","properties": {"bairro": "Dyker Heights","distrito": "Brooklyn"},"geometry": {"type": "Polygon","coordinates": [[[-74.014753,40.633966],[-73.99932,40.624671],[-74.01702,40.607655],[-74.015499,40.606842],[-74.019156,40.603816],[-74.02116,40.604467],[-74.020786,40.605673],[-74.022477,40.606674],[-74.021502,40.607828],[-74.024694,40.60996],[-74.014753,40.633966]]]}},{"type": "Feature","properties": {"bairro": "Glen Oaks","distrito": "Queens"},"geometry": {"type": "Polygon","coordinates": [[[-73.713012,40.759556],[-73.707825,40.756216],[-73.71373,40.751029],[-73.709537,40.748316],[-73.717616,40.744033],[-73.72132,40.752811],[-73.722917,40.754098],[-73.721178,40.756871],[-73.71916,40.758484],[-73.716499,40.759448],[-73.713012,40.759556]]]}},{"type": "Feature","properties": {"bairro": "East Elmhurst","distrito": "Queens"},"geometry": {"type": "Polygon","coordinates": [[[-73.903569,40.76578],[-73.901603,40.76777],[-73.89499,40.76679],[-73.889323,40.766866],[-73.882257,40.76937],[-73.876781,40.772302],[-73.87252,40.772376],[-73.867442,40.770717],[-73.865072,40.768938],[-73.85974,40.762794],[-73.858923,40.762122],[-73.858645,40.762514],[-73.858619,40.761936],[-73.857655,40.76308],[-73.858501,40.763376],[-73.858343,40.763563],[-73.857639,40.763099],[-73.856964,40.764074],[-73.856675,40.76393],[-73.857583,40.763073],[-73.856587,40.762723],[-73.856782,40.762508],[-73.857604,40.763053],[-73.858176,40.762396],[-73.856628,40.761629],[-73.858194,40.762374],[-73.858585,40.761917],[-73.85521,40.760809],[-73.854664,40.760171],[-73.854633,40.758466],[-73.898697,40.75411],[-73.90108,40.758122],[-73.902184,40.76267],[-73.903569,40.76578]]]}},{"type": "Feature","properties": {"bairro": "East Flatbush","distrito": "Brooklyn"},"geometry": {"type": "Polygon","coordinates": [[[-73.908419,40.650595],[-73.919754,40.642908],[-73.919197,40.637481],[-73.922855,40.635564],[-73.922616,40.633224],[-73.946479,40.631708],[-73.951101,40.636073],[-73.952959,40.655249],[-73.93956,40.656063],[-73.939926,40.6639],[-73.93078,40.663601],[-73.925453,40.665905],[-73.908419,40.650595]]]}},{"type": "Feature","properties": {"bairro": "East Harlem","distrito": "Manhattan"},"geometry": {"type": "Polygon","coordinates": [[[-73.93383,40.819521],[-73.934339,40.809562],[-73.933561,40.807601],[-73.930309,40.803786],[-73.929035,40.801081],[-73.929036,40.796763],[-73.929833,40.794949],[-73.935831,40.791095],[-73.937081,40.789366],[-73.936219,40.7888],[-73.93715,40.789168],[-73.938116,40.787185],[-73.939826,40.785257],[-73.942435,40.783918],[-73.943592,40.782748],[-73.95576,40.787907],[-73.9494,40.796638],[-73.949657,40.797069],[-73.949073,40.797094],[-73.944597,40.803228],[-73.942993,40.802561],[-73.941166,40.805063],[-73.942754,40.805744],[-73.933992,40.817786],[-73.934289,40.819569],[-73.93383,40.819521]]]}},{"type": "Feature","properties": {"bairro": "East Morrisania","distrito": "Bronx"},"geometry": {"type": "Polygon","coordinates": [[[-73.876152,40.8365],[-73.879252,40.834424],[-73.881732,40.831312],[-73.882976,40.828304],[-73.885635,40.828031],[-73.8864,40.827503],[-73.888063,40.82887],[-73.897002,40.82805],[-73.894692,40.830619],[-73.895274,40.834034],[-73.896302,40.833543],[-73.896937,40.834361],[-73.89427,40.836241],[-73.890551,40.836894],[-73.888437,40.838591],[-73.887247,40.838151],[-73.88601,40.840585],[-73.880681,40.837532],[-73.876152,40.8365]]]}},{"type": "Feature","properties": {"bairro": "Eltingville","distrito": "Staten Island"},"geometry": {"type": "Polygon","coordinates": [[[-74.148011,40.544114],[-74.141766,40.538542],[-74.142265,40.53814],[-74.141838,40.538422],[-74.142167,40.537933],[-74.141042,40.537347],[-74.141298,40.537138],[-74.142186,40.537918],[-74.141583,40.537088],[-74.143701,40.537211],[-74.144741,40.535801],[-74.147015,40.535324],[-74.149777,40.533888],[-74.150696,40.532546],[-74.15793,40.536618],[-74.165296,40.544273],[-74.166233,40.547343],[-74.16707,40.548205],[-74.169823,40.561057],[-74.169827,40.561078],[-74.167099,40.548448],[-74.161168,40.549191],[-74.157235,40.550218],[-74.156752,40.549077],[-74.151607,40.551113],[-74.148011,40.544114]]]}},{"type": "Feature","properties": {"bairro": "Emerson Hill","distrito": "Staten Island"},"geometry": {"type": "Polygon","coordinates": [[[-74.116756,40.610814],[-74.114871,40.602137],[-74.11684,40.601895],[-74.11664,40.599062],[-74.117816,40.599026],[-74.117817,40.598386],[-74.119428,40.59836],[-74.119576,40.601817],[-74.120596,40.60181],[-74.120772,40.600672],[-74.124959,40.598153],[-74.13092,40.598856],[-74.13099,40.599503],[-74.132507,40.599632],[-74.137234,40.603249],[-74.142028,40.603372],[-74.147066,40.605504],[-74.147502,40.606313],[-74.14721,40.608259],[-74.143992,40.607741],[-74.136437,40.607791],[-74.12743,40.608615],[-74.116756,40.610814]]]}},{"type": "Feature","properties": {"bairro": "Elmhurst","distrito": "Queens"},"geometry": {"type": "Polygon","coordinates": [[[-73.867491,40.743295],[-73.867563,40.740942],[-73.864427,40.733905],[-73.867915,40.733943],[-73.870813,40.732684],[-73.871344,40.731837],[-73.871429,40.729248],[-73.874196,40.727161],[-73.885641,40.722022],[-73.887018,40.723738],[-73.8872,40.728612],[-73.88756,40.730197],[-73.88806,40.730087],[-73.888523,40.734531],[-73.887702,40.734291],[-73.890157,40.739192],[-73.889742,40.739115],[-73.891457,40.74687],[-73.869411,40.749165],[-73.868535,40.747706],[-73.867491,40.743295]]]}},{"type": "Feature","properties": {"bairro": "Fieldston","distrito": "Bronx"},"geometry": {"type": "Polygon","coordinates": [[[-73.897033,40.900279],[-73.896412,40.89381],[-73.898236,40.889522],[-73.899812,40.889677],[-73.901012,40.888896],[-73.902859,40.889165],[-73.904135,40.887089],[-73.907465,40.884434],[-73.906899,40.885999],[-73.908119,40.88936],[-73.907939,40.897675],[-73.907257,40.899389],[-73.90416,40.901109],[-73.899059,40.900911],[-73.897033,40.900279]]]}},{"type": "Feature","properties": {"bairro": "East New York","distrito": "Brooklyn"},"geometry": {"type": "Polygon","coordinates": [[[-73.861318,40.675021],[-73.86039,40.671269],[-73.857633,40.671656],[-73.855685,40.663867],[-73.85843,40.663453],[-73.857615,40.660119],[-73.86036,40.659646],[-73.863171,40.658277],[-73.862701,40.657617],[-73.863198,40.656339],[-73.862641,40.655668],[-73.86072,40.655197],[-73.859792,40.654476],[-73.85898,40.652675],[-73.856959,40.650587],[-73.857524,40.649996],[-73.858395,40.646733],[-73.85717,40.643679],[-73.862895,40.642551],[-73.866704,40.640022],[-73.865354,40.638951],[-73.865632,40.638787],[-73.868673,40.640925],[-73.870017,40.644071],[-73.871192,40.645305],[-73.87257,40.645576],[-73.879332,40.654622],[-73.879639,40.654499],[-73.873186,40.645445],[-73.87327,40.643903],[-73.870085,40.639844],[-73.869896,40.638935],[-73.867997,40.638115],[-73.86961,40.637086],[-73.869208,40.637466],[-73.869559,40.637947],[-73.873479,40.636286],[-73.877324,40.638731],[-73.87856,40.63905],[-73.880469,40.640962],[-73.880736,40.641566],[-73.880292,40.641405],[-73.880067,40.642003],[-73.881567,40.642491],[-73.882148,40.643744],[-73.88342,40.644524],[-73.885578,40.644041],[-73.887434,40.645937],[-73.887641,40.647802],[-73.888636,40.648024],[-73.890068,40.649324],[-73.890347,40.649034],[-73.895206,40.654488],[-73.89788,40.653354],[-73.903311,40.675873],[-73.896838,40.675739],[-73.890335,40.676612],[-73.876333,40.680387],[-73.874964,40.680321],[-73.872099,40.677953],[-73.861318,40.675021]]]}},{"type": "Feature","properties": {"bairro": "East Village","distrito": "Manhattan"},"geometry": {"type": "Polygon","coordinates": [[[-73.990704,40.734782],[-73.971629,40.726761],[-73.973576,40.718589],[-73.977224,40.71931],[-73.992604,40.724136],[-73.990757,40.729741],[-73.992854,40.730083],[-73.99146,40.731738],[-73.990704,40.734782]]]}},{"type": "Feature","properties": {"bairro": "Eastchester","distrito": "Bronx"},"geometry": {"type": "Polygon","coordinates": [[[-73.830932,40.892197],[-73.822677,40.889619],[-73.822486,40.890098],[-73.823265,40.889987],[-73.823366,40.891075],[-73.822853,40.891207],[-73.794055,40.8837],[-73.794471,40.883076],[-73.805141,40.886017],[-73.807578,40.885773],[-73.814467,40.886792],[-73.823063,40.88481],[-73.828136,40.882825],[-73.83223,40.880031],[-73.83356,40.878445],[-73.834854,40.875387],[-73.843241,40.879109],[-73.836641,40.88212],[-73.834321,40.883871],[-73.8313,40.884711],[-73.830932,40.892197]]]}},{"type": "Feature","properties": {"bairro": "Edenwald","distrito": "Bronx"},"geometry": {"type": "Polygon","coordinates": [[[-73.830932,40.892197],[-73.8313,40.884711],[-73.834321,40.883871],[-73.836641,40.88212],[-73.843241,40.879109],[-73.850651,40.882192],[-73.845906,40.889741],[-73.845232,40.889551],[-73.84629,40.892324],[-73.838043,40.894142],[-73.830932,40.892197]]]}},{"type": "Feature","properties": {"bairro": "Edgemere","distrito": "Queens"},"geometry": {"type": "Polygon","coordinates": [[[-73.768123,40.597824],[-73.767718,40.596261],[-73.764622,40.595675],[-73.763718,40.591477],[-73.76797,40.590729],[-73.775837,40.590325],[-73.788539,40.587555],[-73.788765,40.587972],[-73.785389,40.588792],[-73.785872,40.594982],[-73.788052,40.594502],[-73.788399,40.59753],[-73.789166,40.597883],[-73.785971,40.600316],[-73.786144,40.600649],[-73.78578,40.600593],[-73.785984,40.600918],[-73.785633,40.600816],[-73.785394,40.601518],[-73.783506,40.602563],[-73.783128,40.603761],[-73.783948,40.604824],[-73.783667,40.605324],[-73.778568,40.609644],[-73.775352,40.609737],[-73.774222,40.608893],[-73.774814,40.6084],[-73.774217,40.607637],[-73.774603,40.607418],[-73.774849,40.608025],[-73.775287,40.608605],[-73.776008,40.609189],[-73.77459,40.607298],[-73.775187,40.6045],[-73.774688,40.604325],[-73.775881,40.603472],[-73.776054,40.602753],[-73.775688,40.602815],[-73.778369,40.600839],[-73.778158,40.600402],[-73.780109,40.600727],[-73.781907,40.599114],[-73.78133,40.597753],[-73.780055,40.596861],[-73.777422,40.598812],[-73.776002,40.601394],[-73.774972,40.601744],[-73.773585,40.59812],[-73.769477,40.598258],[-73.768123,40.597824]]]}},{"type": "Feature","properties": {"bairro": "Glendale","distrito": "Queens"},"geometry": {"type": "Polygon","coordinates": [[[-73.855548,40.703722],[-73.855254,40.701922],[-73.857264,40.70166],[-73.857331,40.701154],[-73.858891,40.701326],[-73.858526,40.702952],[-73.862811,40.703437],[-73.87565,40.702358],[-73.876138,40.701593],[-73.881761,40.699493],[-73.882728,40.700714],[-73.887716,40.699676],[-73.888119,40.698824],[-73.887697,40.697499],[-73.886282,40.696375],[-73.888475,40.695899],[-73.889064,40.694944],[-73.891907,40.694317],[-73.892363,40.695293],[-73.895796,40.694406],[-73.893679,40.69322],[-73.893541,40.692287],[-73.894605,40.692584],[-73.896968,40.69192],[-73.89772,40.693411],[-73.897053,40.693931],[-73.897346,40.694115],[-73.900394,40.69333],[-73.894388,40.700784],[-73.896722,40.706093],[-73.892385,40.707171],[-73.891165,40.708598],[-73.885984,40.706282],[-73.874887,40.707003],[-73.86893,40.709697],[-73.86501,40.710777],[-73.859637,40.713401],[-73.859186,40.707094],[-73.858233,40.705597],[-73.855548,40.703722]]]}},{"type": "Feature","properties": {"bairro": "Far Rockaway","distrito": "Queens"},"geometry": {"type": "Polygon","coordinates": [[[-73.747993,40.61231],[-73.747216,40.612179],[-73.746855,40.611574],[-73.745762,40.611992],[-73.743072,40.607886],[-73.743147,40.60726],[-73.740291,40.604598],[-73.739225,40.604142],[-73.738151,40.60271],[-73.738089,40.597688],[-73.73872,40.596949],[-73.738585,40.597253],[-73.739927,40.597055],[-73.740097,40.596209],[-73.740644,40.597001],[-73.741831,40.596696],[-73.739928,40.596062],[-73.739464,40.596878],[-73.739747,40.596543],[-73.739796,40.596883],[-73.73944,40.597047],[-73.738584,40.596861],[-73.738122,40.597386],[-73.737637,40.594415],[-73.742226,40.594906],[-73.746629,40.594301],[-73.750226,40.592711],[-73.751558,40.591418],[-73.753542,40.590945],[-73.755955,40.590874],[-73.761343,40.591727],[-73.763718,40.591477],[-73.764622,40.595675],[-73.765525,40.595581],[-73.766722,40.596325],[-73.758003,40.602858],[-73.756009,40.603873],[-73.75471,40.606381],[-73.753458,40.61052],[-73.747993,40.61231]]]}},{"type": "Feature","properties": {"bairro": "Jamaica Estates","distrito": "Queens"},"geometry": {"type": "Polygon","coordinates": [[[-73.781161,40.729213],[-73.773571,40.71512],[-73.787718,40.711865],[-73.789321,40.71203],[-73.79304,40.710711],[-73.79365,40.714011],[-73.792451,40.71561],[-73.792051,40.717723],[-73.791137,40.719207],[-73.807684,40.715554],[-73.809021,40.719911],[-73.781161,40.729213]]]}},{"type": "Feature","properties": {"bairro": "Financial District","distrito": "Manhattan"},"geometry": {"type": "Polygon","coordinates": [[[-74.013754,40.71369],[-74.008614,40.711372],[-74.00536,40.712151],[-74.003662,40.711487],[-73.999102,40.707968],[-74.001187,40.70686],[-74.000983,40.706417],[-74.001407,40.706179],[-74.000583,40.705434],[-74.001437,40.704872],[-74.00257,40.705524],[-74.00197,40.704731],[-74.002431,40.704678],[-74.003323,40.705629],[-74.003632,40.70543],[-74.002972,40.704766],[-74.003644,40.705422],[-74.00459,40.704788],[-74.003496,40.703797],[-74.004806,40.704642],[-74.005188,40.704421],[-74.004926,40.704212],[-74.00535,40.70431],[-74.004273,40.703016],[-74.005663,40.704104],[-74.00614,40.703979],[-74.006596,40.703686],[-74.005304,40.70256],[-74.005494,40.702431],[-74.006785,40.703568],[-74.009309,40.701955],[-74.0087,40.70114],[-74.007755,40.701548],[-74.008349,40.700669],[-74.009601,40.701865],[-74.011167,40.701477],[-74.010815,40.7002],[-74.01115,40.700898],[-74.011631,40.700458],[-74.012087,40.700681],[-74.011962,40.700038],[-74.012392,40.700621],[-74.012614,40.700108],[-74.013107,40.700507],[-74.013113,40.699774],[-74.013273,40.700497],[-74.013675,40.700126],[-74.013558,40.70094],[-74.015127,40.70139],[-74.016174,40.702572],[-74.016542,40.704733],[-74.014262,40.710928],[-74.013754,40.71369]]]}},{"type": "Feature","properties": {"bairro": "Flatbush","distrito": "Brooklyn"},"geometry": {"type": "Polygon","coordinates": [[[-73.952959,40.655249],[-73.951101,40.636073],[-73.94551,40.630792],[-73.9659,40.628648],[-73.972093,40.650673],[-73.9619,40.654871],[-73.96176,40.654071],[-73.959696,40.654839],[-73.952959,40.655249]]]}},{"type": "Feature","properties": {"bairro": "Flatiron District","distrito": "Manhattan"},"geometry": {"type": "Polygon","coordinates": [[[-73.983381,40.741375],[-73.985232,40.738833],[-73.986875,40.739522],[-73.987743,40.738311],[-73.994211,40.741013],[-73.991356,40.744763],[-73.983381,40.741375]]]}},{"type": "Feature","properties": {"bairro": "Flatlands","distrito": "Brooklyn"},"geometry": {"type": "Polygon","coordinates": [[[-73.946479,40.631708],[-73.920159,40.633316],[-73.918586,40.632057],[-73.916903,40.616274],[-73.924359,40.611466],[-73.935401,40.621191],[-73.940764,40.617723],[-73.943505,40.617362],[-73.944827,40.616046],[-73.947458,40.63059],[-73.94551,40.630792],[-73.946479,40.631708]]]}},{"type": "Feature","properties": {"bairro": "Laurelton","distrito": "Queens"},"geometry": {"type": "Polygon","coordinates": [[[-73.750236,40.685649],[-73.740806,40.682769],[-73.740365,40.68344],[-73.73562,40.681871],[-73.733646,40.685542],[-73.727183,40.683597],[-73.728102,40.681766],[-73.733283,40.676145],[-73.74118,40.666403],[-73.746086,40.6664],[-73.750378,40.668696],[-73.750772,40.669796],[-73.755657,40.676157],[-73.752258,40.681491],[-73.750236,40.685649]]]}},{"type": "Feature","properties": {"bairro": "Shore Acres","distrito": "Staten Island"},"geometry": {"type": "Polygon","coordinates": [[[-74.056849,40.608039],[-74.060379,40.606277],[-74.057496,40.602363],[-74.064638,40.600183],[-74.066503,40.603336],[-74.073339,40.606098],[-74.076443,40.606774],[-74.07609,40.608188],[-74.07497,40.609513],[-74.062815,40.615671],[-74.061307,40.614192],[-74.060337,40.611902],[-74.059854,40.612103],[-74.059999,40.612784],[-74.059769,40.612057],[-74.060272,40.61182],[-74.059271,40.611493],[-74.059086,40.610634],[-74.056849,40.608039]]]}},{"type": "Feature","properties": {"bairro": "Flushing","distrito": "Queens"},"geometry": {"type": "Polygon","coordinates": [[[-73.792761,40.774006],[-73.792248,40.769722],[-73.788136,40.764526],[-73.785566,40.762927],[-73.785167,40.760928],[-73.780532,40.753329],[-73.7861,40.752532],[-73.792168,40.750475],[-73.794727,40.750565],[-73.794535,40.744508],[-73.796707,40.742028],[-73.797267,40.74056],[-73.794586,40.735052],[-73.794626,40.733596],[-73.793784,40.730709],[-73.791745,40.725776],[-73.809021,40.719911],[-73.81063,40.72442],[-73.810744,40.726265],[-73.815231,40.728794],[-73.8148,40.733776],[-73.821859,40.734433],[-73.821666,40.735447],[-73.825244,40.735098],[-73.825665,40.732273],[-73.833833,40.730465],[-73.836066,40.734128],[-73.837769,40.742961],[-73.837071,40.744775],[-73.834847,40.747584],[-73.834839,40.74958],[-73.838063,40.754575],[-73.846158,40.751757],[-73.849286,40.752319],[-73.849836,40.75338],[-73.843189,40.755352],[-73.84552,40.759775],[-73.851347,40.758146],[-73.854633,40.758466],[-73.854664,40.760171],[-73.853724,40.760246],[-73.851586,40.759355],[-73.850298,40.759546],[-73.849301,40.760243],[-73.849875,40.761104],[-73.852072,40.760393],[-73.849812,40.761271],[-73.848687,40.760138],[-73.843688,40.763613],[-73.84307,40.763593],[-73.842728,40.764629],[-73.840526,40.765388],[-73.839354,40.765057],[-73.836909,40.768866],[-73.835398,40.77036],[-73.828841,40.774699],[-73.827178,40.777046],[-73.825825,40.776671],[-73.82167,40.776863],[-73.812784,40.775615],[-73.792761,40.774006]]]}},{"type": "Feature","properties": {"bairro": "Gowanus","distrito": "Brooklyn"},"geometry": {"type": "Polygon","coordinates": [[[-73.980051,40.68186],[-73.9839,40.676148],[-73.992801,40.665527],[-73.995193,40.667025],[-73.998769,40.671602],[-73.99896,40.67218],[-73.99646,40.677457],[-73.994596,40.676572],[-73.988712,40.685224],[-73.980051,40.68186]]]}},{"type": "Feature","properties": {"bairro": "Forest Hills","distrito": "Queens"},"geometry": {"type": "Polygon","coordinates": [[[-73.846937,40.738705],[-73.84435,40.732979],[-73.839798,40.728199],[-73.835356,40.720805],[-73.834915,40.719299],[-73.829856,40.715619],[-73.830757,40.714533],[-73.838043,40.710927],[-73.845038,40.708518],[-73.848942,40.708479],[-73.854795,40.706784],[-73.85433,40.706171],[-73.854663,40.70495],[-73.852229,40.702248],[-73.855258,40.70259],[-73.855548,40.703722],[-73.858816,40.706204],[-73.859771,40.711843],[-73.856448,40.711338],[-73.857479,40.719677],[-73.856652,40.719869],[-73.857268,40.721504],[-73.853721,40.726962],[-73.852008,40.726866],[-73.85173,40.728478],[-73.856492,40.736273],[-73.846937,40.738705]]]}},{"type": "Feature","properties": {"bairro": "Fort Greene","distrito": "Brooklyn"},"geometry": {"type": "Polygon","coordinates": [[[-73.970773,40.69784],[-73.967477,40.68175],[-73.977431,40.684043],[-73.980881,40.688838],[-73.982631,40.692224],[-73.982419,40.695973],[-73.980507,40.696498],[-73.980544,40.698246],[-73.970773,40.69784]]]}},{"type": "Feature","properties": {"bairro": "Fort Hamilton","distrito": "Brooklyn"},"geometry": {"type": "Polygon","coordinates": [[[-74.021216,40.618472],[-74.024694,40.60996],[-74.021502,40.607828],[-74.022477,40.606674],[-74.020786,40.605673],[-74.02116,40.604467],[-74.018641,40.603655],[-74.019435,40.602844],[-74.020857,40.603522],[-74.030051,40.604759],[-74.032707,40.606331],[-74.03604,40.609296],[-74.036916,40.611181],[-74.040234,40.615028],[-74.041617,40.620563],[-74.041652,40.626018],[-74.02835,40.622799],[-74.021216,40.618472]]]}},{"type": "Feature","properties": {"bairro": "Fort Wadsworth","distrito": "Staten Island"},"geometry": {"type": "Polygon","coordinates": [[[-74.06078,40.593188],[-74.062829,40.595236],[-74.061829,40.596306],[-74.064638,40.600183],[-74.057496,40.602363],[-74.060379,40.606277],[-74.056849,40.608039],[-74.05601,40.606781],[-74.053811,40.605913],[-74.053607,40.605239],[-74.05402,40.604935],[-74.053033,40.601466],[-74.053407,40.600523],[-74.052228,40.599776],[-74.052893,40.599863],[-74.054474,40.598756],[-74.059641,40.593709],[-74.06078,40.593188]]]}},{"type": "Feature","properties": {"bairro": "Fresh Meadows","distrito": "Queens"},"geometry": {"type": "Polygon","coordinates": [[[-73.780532,40.753329],[-73.772868,40.736309],[-73.770177,40.731771],[-73.777542,40.730228],[-73.775223,40.725191],[-73.778045,40.723323],[-73.781161,40.729213],[-73.791745,40.725776],[-73.793784,40.730709],[-73.794626,40.733596],[-73.794586,40.735052],[-73.797267,40.74056],[-73.796707,40.742028],[-73.794535,40.744508],[-73.794727,40.750565],[-73.792168,40.750475],[-73.7861,40.752532],[-73.780532,40.753329]]]}},{"type": "Feature","properties": {"bairro": "Gramercy","distrito": "Manhattan"},"geometry": {"type": "Polygon","coordinates": [[[-73.978527,40.736855],[-73.982553,40.731375],[-73.991725,40.735245],[-73.990371,40.737098],[-73.989777,40.739169],[-73.987743,40.738311],[-73.986875,40.739522],[-73.985232,40.738833],[-73.984742,40.739503],[-73.978527,40.736855]]]}},{"type": "Feature","properties": {"bairro": "Graniteville","distrito": "Staten Island"},"geometry": {"type": "Polygon","coordinates": [[[-74.166559,40.627367],[-74.144025,40.624992],[-74.14602,40.610344],[-74.14697,40.610151],[-74.14721,40.608259],[-74.150506,40.609906],[-74.161154,40.618092],[-74.16848,40.621562],[-74.1676,40.623125],[-74.166559,40.627367]]]}},{"type": "Feature","properties": {"bairro": "Gravesend","distrito": "Brooklyn"},"geometry": {"type": "Polygon","coordinates": [[[-73.967666,40.609394],[-73.964638,40.593328],[-73.96661,40.584575],[-73.977517,40.582745],[-73.982734,40.58337],[-73.984646,40.581538],[-73.985709,40.581267],[-73.986045,40.581721],[-73.986945,40.581136],[-73.98801,40.579671],[-73.991743,40.5812],[-73.990262,40.584619],[-73.996055,40.582129],[-74.000309,40.583177],[-74.00036,40.584186],[-73.998085,40.585365],[-73.999706,40.58569],[-73.999565,40.586244],[-73.998145,40.586532],[-73.994079,40.588693],[-73.997956,40.58727],[-73.994877,40.588772],[-73.995347,40.589331],[-74.000374,40.586475],[-74.000382,40.587133],[-73.997883,40.588343],[-73.998673,40.589196],[-73.999464,40.589233],[-73.998378,40.58977],[-73.998836,40.589625],[-73.998444,40.58986],[-73.998778,40.590314],[-73.997107,40.591391],[-73.998064,40.591209],[-73.997283,40.591715],[-73.997549,40.591918],[-74.000043,40.591204],[-74.000233,40.591531],[-73.999012,40.592335],[-73.999483,40.592969],[-73.998388,40.593531],[-74.001057,40.592537],[-74.001933,40.593895],[-74.000167,40.595549],[-74.000471,40.595939],[-73.988423,40.607119],[-73.967666,40.609394]]]}},{"type": "Feature","properties": {"bairro": "Kensington","distrito": "Brooklyn"},"geometry": {"type": "Polygon","coordinates": [[[-73.96678,40.632295],[-73.976569,40.627579],[-73.978532,40.637892],[-73.988967,40.644122],[-73.97925,40.648123],[-73.979089,40.647428],[-73.97324,40.64765],[-73.971397,40.6482],[-73.96678,40.632295]]]}},{"type": "Feature","properties": {"bairro": "Kew Gardens","distrito": "Queens"},"geometry": {"type": "Polygon","coordinates": [[[-73.8228,40.711838],[-73.8205,40.710111],[-73.81961,40.708863],[-73.818459,40.705663],[-73.82008,40.705031],[-73.82063,40.705842],[-73.82202,40.705212],[-73.8251,40.707449],[-73.824441,40.704062],[-73.82576,40.704428],[-73.8353,40.70201],[-73.838562,40.703316],[-73.83698,40.704104],[-73.838064,40.706603],[-73.836431,40.708783],[-73.834095,40.710026],[-73.835994,40.711727],[-73.830757,40.714533],[-73.826007,40.7156],[-73.8228,40.711838]]]}},{"type": "Feature","properties": {"bairro": "Parkchester","distrito": "Bronx"},"geometry": {"type": "Polygon","coordinates": [[[-73.851663,40.834201],[-73.860344,40.833294],[-73.860851,40.833614],[-73.877299,40.828742],[-73.882976,40.828304],[-73.881732,40.831312],[-73.879252,40.834424],[-73.876937,40.836137],[-73.865127,40.841218],[-73.85521,40.842975],[-73.853366,40.842505],[-73.851663,40.834201]]]}},{"type": "Feature","properties": {"bairro": "Pelham Bay","distrito": "Bronx"},"geometry": {"type": "Polygon","coordinates": [[[-73.830092,40.858151],[-73.827167,40.853266],[-73.826365,40.853268],[-73.827317,40.850073],[-73.825865,40.845613],[-73.830432,40.843858],[-73.836889,40.843375],[-73.839126,40.842158],[-73.842941,40.846404],[-73.841087,40.851122],[-73.836463,40.856192],[-73.830092,40.858151]]]}},{"type": "Feature","properties": {"bairro": "Great Kills","distrito": "Staten Island"},"geometry": {"type": "Polygon","coordinates": [[[-74.148306,40.564919],[-74.142588,40.559894],[-74.143859,40.559161],[-74.143047,40.558461],[-74.14374,40.557984],[-74.14422,40.558336],[-74.146551,40.556235],[-74.145599,40.552081],[-74.14476,40.550512],[-74.144021,40.551024],[-74.143518,40.550155],[-74.142638,40.55074],[-74.1415,40.549589],[-74.139479,40.551069],[-74.138803,40.550597],[-74.13738,40.551473],[-74.136089,40.550424],[-74.138641,40.548475],[-74.13582,40.546445],[-74.13718,40.545793],[-74.136115,40.54502],[-74.137193,40.545784],[-74.137508,40.545578],[-74.136589,40.544845],[-74.136873,40.544683],[-74.13795,40.546],[-74.13887,40.54513],[-74.137624,40.544254],[-74.138755,40.544934],[-74.13902,40.544716],[-74.137868,40.544053],[-74.139033,40.544705],[-74.139539,40.544295],[-74.139145,40.54451],[-74.139421,40.544206],[-74.138975,40.544376],[-74.13922,40.544067],[-74.138586,40.544105],[-74.138823,40.543784],[-74.13828,40.543867],[-74.138342,40.543552],[-74.138523,40.543402],[-74.13957,40.544272],[-74.139837,40.544052],[-74.138706,40.543291],[-74.138906,40.543132],[-74.140386,40.544033],[-74.13922,40.543166],[-74.140296,40.54364],[-74.139361,40.542826],[-74.140306,40.543367],[-74.140627,40.543113],[-74.139632,40.542541],[-74.139859,40.542357],[-74.140646,40.543094],[-74.141324,40.543094],[-74.140165,40.542366],[-74.140335,40.542228],[-74.140207,40.542365],[-74.141411,40.543022],[-74.140263,40.541962],[-74.141349,40.542578],[-74.141797,40.5422],[-74.14064,40.541695],[-74.140958,40.541432],[-74.141873,40.542167],[-74.141672,40.542335],[-74.142257,40.542295],[-74.142477,40.541334],[-74.141729,40.53934],[-74.142146,40.539144],[-74.148011,40.544114],[-74.151607,40.551113],[-74.156752,40.549077],[-74.157235,40.550218],[-74.161168,40.549191],[-74.167099,40.548448],[-74.169827,40.561078],[-74.164941,40.560112],[-74.163779,40.560317],[-74.157103,40.562627],[-74.154767,40.565419],[-74.152956,40.566776],[-74.149798,40.563643],[-74.148306,40.564919]]]}},{"type": "Feature","properties": {"bairro": "Huguenot","distrito": "Staten Island"},"geometry": {"type": "Polygon","coordinates": [[[-74.151262,40.532666],[-74.15599,40.52942],[-74.156449,40.528932],[-74.156187,40.528611],[-74.157019,40.528978],[-74.159701,40.527296],[-74.162272,40.527194],[-74.169997,40.523046],[-74.171103,40.52355],[-74.172063,40.523321],[-74.176012,40.520876],[-74.177583,40.519231],[-74.179554,40.522875],[-74.179529,40.524854],[-74.18092,40.527455],[-74.186298,40.534095],[-74.18083,40.535925],[-74.177618,40.538976],[-74.177282,40.54063],[-74.169924,40.542225],[-74.165296,40.544273],[-74.15793,40.536618],[-74.151262,40.532666]]]}},{"type": "Feature","properties": {"bairro": "Greenpoint","distrito": "Brooklyn"},"geometry": {"type": "Polygon","coordinates": [[[-73.962263,40.732916],[-73.964088,40.732919],[-73.962304,40.733114],[-73.96209,40.734508],[-73.960519,40.736342],[-73.95693,40.738887],[-73.953233,40.738993],[-73.946524,40.736927],[-73.9472,40.735355],[-73.947065,40.734402],[-73.946598,40.734442],[-73.946929,40.735313],[-73.946247,40.736166],[-73.944999,40.736437],[-73.945033,40.735429],[-73.94438,40.736252],[-73.941738,40.734951],[-73.939813,40.731153],[-73.938103,40.729729],[-73.934929,40.728544],[-73.929243,40.727398],[-73.927872,40.725854],[-73.925615,40.720062],[-73.924818,40.720265],[-73.924631,40.719855],[-73.934704,40.717209],[-73.936209,40.720576],[-73.940624,40.719435],[-73.940796,40.720457],[-73.942678,40.720277],[-73.943899,40.719604],[-73.944926,40.720774],[-73.947516,40.719267],[-73.952803,40.718462],[-73.955348,40.720049],[-73.952998,40.722253],[-73.957572,40.725097],[-73.958749,40.723085],[-73.962115,40.725148],[-73.957942,40.724649],[-73.958426,40.725401],[-73.960125,40.72532],[-73.960285,40.725948],[-73.961615,40.725866],[-73.960996,40.728769],[-73.962263,40.732916]]]}},{"type": "Feature","properties": {"bairro": "Greenwich Village","distrito": "Manhattan"},"geometry": {"type": "Polygon","coordinates": [[[-73.99146,40.731738],[-73.996772,40.725432],[-74.002856,40.728347],[-74.001413,40.731065],[-73.996797,40.737364],[-73.990704,40.734782],[-73.99146,40.731738]]]}},{"type": "Feature","properties": {"bairro": "Grymes Hill","distrito": "Staten Island"},"geometry": {"type": "Polygon","coordinates": [[[-74.085899,40.619909],[-74.086571,40.61717],[-74.08783,40.615318],[-74.08721,40.613307],[-74.090109,40.609403],[-74.09427,40.610806],[-74.09818,40.610742],[-74.103511,40.616414],[-74.099685,40.619653],[-74.097702,40.618809],[-74.094624,40.619654],[-74.0939,40.620255],[-74.090224,40.619409],[-74.08942,40.620307],[-74.087627,40.619543],[-74.088028,40.620243],[-74.087011,40.620501],[-74.087071,40.62008],[-74.086488,40.620449],[-74.085899,40.619909]]]}},{"type": "Feature","properties": {"bairro": "Harlem","distrito": "Manhattan"},"geometry": {"type": "Polygon","coordinates": [[[-73.934568,40.828149],[-73.933992,40.817786],[-73.942754,40.805744],[-73.941166,40.805063],[-73.942993,40.802561],[-73.944597,40.803228],[-73.949073,40.797094],[-73.959647,40.801156],[-73.958249,40.803107],[-73.958181,40.805565],[-73.954288,40.810992],[-73.961038,40.818704],[-73.962054,40.818095],[-73.958819,40.821519],[-73.959,40.82241],[-73.95991,40.822571],[-73.959603,40.822995],[-73.958926,40.822712],[-73.958527,40.821844],[-73.957939,40.822774],[-73.959556,40.823694],[-73.957259,40.827117],[-73.956318,40.827944],[-73.955039,40.827413],[-73.954542,40.827861],[-73.95022,40.834305],[-73.934568,40.828149]]]}},{"type": "Feature","properties": {"bairro": "Queens Village","distrito": "Queens"},"geometry": {"type": "Polygon","coordinates": [[[-73.730326,40.722157],[-73.726833,40.710102],[-73.726764,40.702976],[-73.741624,40.703532],[-73.748579,40.701605],[-73.754037,40.71388],[-73.760014,40.721767],[-73.76478,40.724691],[-73.763586,40.72627],[-73.758343,40.725889],[-73.753895,40.72723],[-73.74681,40.732505],[-73.746264,40.731201],[-73.745507,40.730656],[-73.731492,40.727419],[-73.729529,40.722549],[-73.730326,40.722157]]]}},{"type": "Feature","properties": {"bairro": "Hell's Kitchen","distrito": "Manhattan"},"geometry": {"type": "Polygon","coordinates": [[[-73.982389,40.767411],[-73.993464,40.75219],[-74.005567,40.757118],[-74.004804,40.75781],[-74.005279,40.758029],[-74.005031,40.758357],[-74.00701,40.759204],[-74.006476,40.759894],[-74.004505,40.759085],[-74.003907,40.759376],[-74.004319,40.759911],[-74.003669,40.759706],[-74.003929,40.760003],[-74.002335,40.761544],[-74.004556,40.762524],[-74.002201,40.761728],[-74.001533,40.762645],[-74.003612,40.763777],[-74.001386,40.76285],[-74.000973,40.76342],[-74.00315,40.764333],[-74.003156,40.764731],[-73.999927,40.763407],[-73.999151,40.764205],[-73.99952,40.763974],[-74.001939,40.764867],[-74.002457,40.765214],[-74.002057,40.765877],[-73.998885,40.764569],[-73.998282,40.765568],[-74.001573,40.766977],[-74.001315,40.767251],[-73.998067,40.765872],[-73.997378,40.766823],[-74.00065,40.768245],[-74.000386,40.768504],[-73.997156,40.767129],[-73.996457,40.768099],[-73.999736,40.769506],[-73.999473,40.769764],[-73.997072,40.768733],[-73.996571,40.769425],[-73.999027,40.770463],[-73.998762,40.770825],[-73.996313,40.769799],[-73.995425,40.771032],[-73.9959,40.77145],[-73.994935,40.771468],[-73.997112,40.772553],[-73.996909,40.772833],[-73.994774,40.77193],[-73.994445,40.772377],[-73.996449,40.773057],[-73.996143,40.773248],[-73.996677,40.77351],[-73.982389,40.767411]]]}},{"type": "Feature","properties": {"bairro": "Highbridge","distrito": "Bronx"},"geometry": {"type": "Polygon","coordinates": [[[-73.922661,40.844632],[-73.9228,40.842775],[-73.921314,40.840005],[-73.92222,40.837986],[-73.922369,40.836147],[-73.923967,40.835082],[-73.925364,40.832625],[-73.928756,40.829186],[-73.930964,40.828352],[-73.93309,40.82829],[-73.933606,40.83279],[-73.933143,40.835194],[-73.930516,40.839934],[-73.928616,40.844677],[-73.928129,40.845328],[-73.922661,40.844632]]]}},{"type": "Feature","properties": {"bairro": "Hollis","distrito": "Queens"},"geometry": {"type": "Polygon","coordinates": [[[-73.752435,40.71023],[-73.76409,40.70752],[-73.767344,40.706636],[-73.767251,40.706313],[-73.77418,40.705087],[-73.77582,40.705376],[-73.776781,40.707823],[-73.779975,40.707051],[-73.782625,40.712938],[-73.773571,40.71512],[-73.767332,40.71729],[-73.759459,40.721055],[-73.754037,40.71388],[-73.752435,40.71023]]]}},{"type": "Feature","properties": {"bairro": "Hollis Hills","distrito": "Queens"},"geometry": {"type": "Polygon","coordinates": [[[-73.740155,40.738531],[-73.742962,40.735547],[-73.753895,40.72723],[-73.754186,40.727807],[-73.758687,40.728087],[-73.765182,40.7346],[-73.743333,40.738883],[-73.743032,40.738442],[-73.741287,40.738814],[-73.740155,40.738531]]]}},{"type": "Feature","properties": {"bairro": "Holliswood","distrito": "Queens"},"geometry": {"type": "Polygon","coordinates": [[[-73.763586,40.72627],[-73.76478,40.724691],[-73.760694,40.722422],[-73.759459,40.721055],[-73.767332,40.71729],[-73.773571,40.71512],[-73.777292,40.722348],[-73.772235,40.725078],[-73.766204,40.726343],[-73.763586,40.72627]]]}},{"type": "Feature","properties": {"bairro": "Howard Beach","distrito": "Queens"},"geometry": {"type": "Polygon","coordinates": [[[-73.829889,40.655523],[-73.830327,40.655133],[-73.830413,40.655158],[-73.830266,40.655429],[-73.829889,40.655523]]]}},{"type": "Feature","properties": {"bairro": "Howard Beach","distrito": "Queens"},"geometry": {"type": "Polygon","coordinates": [[[-73.861273,40.658265],[-73.859768,40.658282],[-73.860576,40.657836],[-73.860342,40.657248],[-73.860888,40.656909],[-73.861614,40.656997],[-73.861703,40.658025],[-73.862701,40.657617],[-73.863171,40.658277],[-73.86036,40.659646],[-73.857615,40.660119],[-73.85843,40.663453],[-73.855685,40.663867],[-73.85763,40.671656],[-73.860389,40.671269],[-73.86107,40.674021],[-73.84214,40.668269],[-73.83914,40.666688],[-73.833216,40.666092],[-73.832246,40.664982],[-73.82849,40.657253],[-73.82643,40.648331],[-73.828915,40.649379],[-73.830937,40.651626],[-73.831332,40.652748],[-73.831583,40.653814],[-73.829014,40.656108],[-73.830443,40.655519],[-73.830602,40.654807],[-73.831708,40.653931],[-73.832217,40.65446],[-73.831493,40.65498],[-73.831161,40.655919],[-73.829376,40.656506],[-73.828968,40.657205],[-73.829179,40.6578],[-73.83013,40.658403],[-73.829668,40.658523],[-73.8296,40.658657],[-73.83015,40.659809],[-73.829695,40.658656],[-73.830244,40.65835],[-73.829094,40.657334],[-73.829503,40.656647],[-73.831271,40.656003],[-73.831852,40.654885],[-73.832182,40.654895],[-73.832903,40.657484],[-73.832,40.656158],[-73.8326,40.657827],[-73.830969,40.65823],[-73.833384,40.658052],[-73.831065,40.648559],[-73.831669,40.647972],[-73.835567,40.648457],[-73.83912,40.661539],[-73.838333,40.661648],[-73.838448,40.662117],[-73.839858,40.661932],[-73.835923,40.6455],[-73.849507,40.644134],[-73.851833,40.64586],[-73.852417,40.647388],[-73.851591,40.649096],[-73.850985,40.649114],[-73.850587,40.650338],[-73.849214,40.651106],[-73.849361,40.651394],[-73.850897,40.6515],[-73.852456,40.650555],[-73.855919,40.651309],[-73.856713,40.652802],[-73.858281,40.652995],[-73.859306,40.654972],[-73.861352,40.656395],[-73.859834,40.656977],[-73.859606,40.658395],[-73.860232,40.658897],[-73.860981,40.658381],[-73.860612,40.659327],[-73.861273,40.658265]]]}},{"type": "Feature","properties": {"bairro": "Howland Hook","distrito": "Staten Island"},"geometry": {"type": "Polygon","coordinates": [[[-74.186525,40.643389],[-74.180805,40.640818],[-74.175895,40.641193],[-74.172598,40.640315],[-74.171287,40.640518],[-74.171113,40.633467],[-74.16627,40.63365],[-74.166559,40.627367],[-74.1676,40.623125],[-74.16848,40.621562],[-74.178845,40.626106],[-74.195655,40.635003],[-74.194423,40.636582],[-74.194623,40.637391],[-74.193583,40.637469],[-74.186525,40.643389]]]}},{"type": "Feature","properties": {"bairro": "Pelham Gardens","distrito": "Bronx"},"geometry": {"type": "Polygon","coordinates": [[[-73.845823,40.870239],[-73.828015,40.860703],[-73.827098,40.859073],[-73.836463,40.856192],[-73.846551,40.857524],[-73.857112,40.857036],[-73.845823,40.870239]]]}},{"type": "Feature","properties": {"bairro": "Hunts Point","distrito": "Bronx"},"geometry": {"type": "Polygon","coordinates": [[[-73.884328,40.822614],[-73.882909,40.819536],[-73.878518,40.815799],[-73.872394,40.813974],[-73.870568,40.812087],[-73.870553,40.811243],[-73.868112,40.806752],[-73.871745,40.801547],[-73.872381,40.80129],[-73.872347,40.800175],[-73.872979,40.800251],[-73.872705,40.801167],[-73.873551,40.800853],[-73.875265,40.801398],[-73.878142,40.801319],[-73.877906,40.802272],[-73.878925,40.802772],[-73.883723,40.801863],[-73.885365,40.802261],[-73.887959,40.804998],[-73.888592,40.804789],[-73.889383,40.80531],[-73.889146,40.806118],[-73.89004,40.809629],[-73.894869,40.808905],[-73.895395,40.811898],[-73.897958,40.812968],[-73.890422,40.819984],[-73.887149,40.822332],[-73.884328,40.822614]]]}},{"type": "Feature","properties": {"bairro": "Inwood","distrito": "Manhattan"},"geometry": {"type": "Polygon","coordinates": [[[-73.922298,40.855599],[-73.922906,40.855912],[-73.92293,40.858941],[-73.92471,40.861552],[-73.927625,40.859012],[-73.930122,40.858744],[-73.933053,40.859828],[-73.935532,40.858918],[-73.937815,40.859834],[-73.932425,40.867568],[-73.932469,40.869476],[-73.932133,40.869416],[-73.931914,40.871129],[-73.931063,40.872667],[-73.929013,40.875739],[-73.926482,40.877618],[-73.926193,40.877064],[-73.92457,40.877429],[-73.922398,40.87678],[-73.922614,40.874407],[-73.921255,40.873082],[-73.920556,40.872999],[-73.919793,40.873607],[-73.920803,40.874194],[-73.921182,40.875138],[-73.920876,40.875464],[-73.918862,40.874643],[-73.919295,40.87365],[-73.9185,40.873192],[-73.917577,40.874549],[-73.917871,40.873905],[-73.915685,40.874528],[-73.912502,40.873728],[-73.911175,40.872985],[-73.910426,40.871485],[-73.910925,40.869437],[-73.911474,40.869455],[-73.911076,40.869043],[-73.912548,40.866515],[-73.913919,40.864746],[-73.914924,40.86458],[-73.914411,40.864174],[-73.915899,40.864308],[-73.915196,40.863945],[-73.915387,40.863084],[-73.917295,40.861679],[-73.919502,40.858791],[-73.92159,40.860073],[-73.921866,40.859181],[-73.920938,40.858121],[-73.920624,40.858017],[-73.920484,40.858233],[-73.920351,40.858195],[-73.922377,40.856584],[-73.922345,40.855682],[-73.921698,40.856672],[-73.921519,40.856601],[-73.922298,40.855599]]]}},{"type": "Feature","properties": {"bairro": "Jackson Heights","distrito": "Queens"},"geometry": {"type": "Polygon","coordinates": [[[-73.861666,40.749945],[-73.894338,40.74658],[-73.896938,40.750501],[-73.89728,40.750418],[-73.897699,40.752365],[-73.898697,40.75411],[-73.854633,40.758466],[-73.852191,40.752639],[-73.861666,40.749945]]]}},{"type": "Feature","properties": {"bairro": "Jamaica","distrito": "Queens"},"geometry": {"type": "Polygon","coordinates": [[[-73.77582,40.705376],[-73.775477,40.702724],[-73.773958,40.699831],[-73.777346,40.698223],[-73.778546,40.699767],[-73.784466,40.69739],[-73.78211,40.695237],[-73.77662,40.688364],[-73.76974,40.683778],[-73.769637,40.684329],[-73.761169,40.686443],[-73.760424,40.683376],[-73.761832,40.679053],[-73.763494,40.676003],[-73.764353,40.671853],[-73.76696,40.667035],[-73.772951,40.667436],[-73.789489,40.666314],[-73.788085,40.67301],[-73.801216,40.674344],[-73.814144,40.697931],[-73.81702,40.704041],[-73.814439,40.704402],[-73.795534,40.709783],[-73.789321,40.71203],[-73.787718,40.711865],[-73.782625,40.712938],[-73.779975,40.707051],[-73.776781,40.707823],[-73.77582,40.705376]]]}},{"type": "Feature","properties": {"bairro": "Morris Park","distrito": "Bronx"},"geometry": {"type": "Polygon","coordinates": [[[-73.85521,40.842975],[-73.857389,40.843676],[-73.860497,40.848289],[-73.865477,40.850284],[-73.857112,40.857036],[-73.846551,40.857524],[-73.836463,40.856192],[-73.841087,40.851122],[-73.842941,40.846404],[-73.844622,40.846386],[-73.844904,40.848121],[-73.847395,40.845592],[-73.849009,40.844734],[-73.85521,40.842975]]]}},{"type": "Feature","properties": {"bairro": "Kew Gardens Hills","distrito": "Queens"},"geometry": {"type": "Polygon","coordinates": [[[-73.830551,40.726275],[-73.833833,40.730465],[-73.825665,40.732273],[-73.825244,40.735098],[-73.821666,40.735447],[-73.821859,40.734433],[-73.8148,40.733776],[-73.815231,40.728794],[-73.810744,40.726265],[-73.81063,40.72442],[-73.807669,40.715506],[-73.817833,40.715708],[-73.821393,40.716316],[-73.826007,40.7156],[-73.825426,40.717426],[-73.825535,40.719796],[-73.827218,40.724527],[-73.828301,40.725479],[-73.830551,40.726275]]]}},{"type": "Feature","properties": {"bairro": "Kingsbridge","distrito": "Bronx"},"geometry": {"type": "Polygon","coordinates": [[[-73.899685,40.886612],[-73.887029,40.884411],[-73.885668,40.88074],[-73.884656,40.879807],[-73.887808,40.87697],[-73.890378,40.871652],[-73.891816,40.871785],[-73.895196,40.870296],[-73.90108,40.862756],[-73.90904,40.862679],[-73.910756,40.861651],[-73.914257,40.862486],[-73.913415,40.863367],[-73.912763,40.863029],[-73.912273,40.863632],[-73.912798,40.863899],[-73.910418,40.86657],[-73.908649,40.871386],[-73.908932,40.872157],[-73.907743,40.872846],[-73.906651,40.875753],[-73.906828,40.876632],[-73.909498,40.878777],[-73.911489,40.879019],[-73.912058,40.878119],[-73.915786,40.875717],[-73.91924,40.876145],[-73.918009,40.877119],[-73.914995,40.877933],[-73.912556,40.879242],[-73.910327,40.883441],[-73.907465,40.884434],[-73.905729,40.885724],[-73.904135,40.887089],[-73.902859,40.889165],[-73.901012,40.888896],[-73.899812,40.889677],[-73.898236,40.889522],[-73.899685,40.886612]]]}},{"type": "Feature","properties": {"bairro": "Kips Bay","distrito": "Manhattan"},"geometry": {"type": "Polygon","coordinates": [[[-73.971682,40.743041],[-73.972657,40.739223],[-73.97249,40.735803],[-73.974414,40.736414],[-73.974027,40.736126],[-73.974504,40.736065],[-73.974141,40.735956],[-73.974505,40.736042],[-73.974465,40.735668],[-73.973057,40.735177],[-73.972763,40.735505],[-73.972945,40.735065],[-73.974648,40.735082],[-73.984742,40.739503],[-73.979711,40.746385],[-73.971682,40.743041]]]}},{"type": "Feature","properties": {"bairro": "Lighthouse Hill","distrito": "Staten Island"},"geometry": {"type": "Polygon","coordinates": [[[-74.125934,40.57577],[-74.133159,40.573479],[-74.141883,40.572233],[-74.141536,40.570783],[-74.141999,40.570725],[-74.14197,40.570204],[-74.140463,40.569537],[-74.141304,40.568378],[-74.138929,40.567264],[-74.14252,40.563893],[-74.146874,40.566426],[-74.149798,40.563643],[-74.152956,40.566776],[-74.147264,40.571403],[-74.146898,40.572241],[-74.147251,40.573632],[-74.146844,40.574227],[-74.147995,40.575685],[-74.143295,40.575863],[-74.143444,40.576607],[-74.135532,40.578451],[-74.135116,40.578748],[-74.135265,40.579819],[-74.133212,40.580027],[-74.133718,40.581782],[-74.132826,40.582258],[-74.131547,40.58202],[-74.129167,40.583953],[-74.126383,40.58249],[-74.126083,40.580577],[-74.127425,40.579792],[-74.12684,40.578636],[-74.126983,40.576394],[-74.126697,40.576237],[-74.126469,40.576979],[-74.125626,40.576865],[-74.125934,40.57577]]]}},{"type": "Feature","properties": {"bairro": "Little Italy","distrito": "Manhattan"},"geometry": {"type": "Polygon","coordinates": [[[-73.994393,40.719525],[-73.994808,40.718457],[-73.996478,40.719048],[-73.997791,40.716793],[-73.999991,40.717977],[-73.99767,40.72082],[-73.994393,40.719525]]]}},{"type": "Feature","properties": {"bairro": "Little Neck","distrito": "Queens"},"geometry": {"type": "Polygon","coordinates": [[[-73.750816,40.782886],[-73.723059,40.766144],[-73.713012,40.759556],[-73.716499,40.759448],[-73.71916,40.758484],[-73.721178,40.756871],[-73.722917,40.754098],[-73.725656,40.752045],[-73.729908,40.757378],[-73.7318,40.76066],[-73.73527,40.764571],[-73.738881,40.770791],[-73.741839,40.773629],[-73.744378,40.773204],[-73.744862,40.773634],[-73.746216,40.777986],[-73.748535,40.778857],[-73.750816,40.782886]]]}},{"type": "Feature","properties": {"bairro": "Morrisania","distrito": "Bronx"},"geometry": {"type": "Polygon","coordinates": [[[-73.896937,40.834361],[-73.896302,40.833543],[-73.895274,40.834034],[-73.894692,40.830619],[-73.897001,40.828051],[-73.899797,40.827685],[-73.903461,40.828533],[-73.903852,40.828194],[-73.90509,40.829014],[-73.907647,40.826695],[-73.90941,40.822869],[-73.916309,40.824903],[-73.910307,40.828773],[-73.907069,40.833437],[-73.90343,40.832216],[-73.901212,40.835498],[-73.896937,40.834361]]]}},{"type": "Feature","properties": {"bairro": "Murray Hill","distrito": "Manhattan"},"geometry": {"type": "Polygon","coordinates": [[[-73.967919,40.747961],[-73.971682,40.743041],[-73.982955,40.747744],[-73.979287,40.752801],[-73.967919,40.747961]]]}},{"type": "Feature","properties": {"bairro": "Long Island City","distrito": "Queens"},"geometry": {"type": "Polygon","coordinates": [[[-73.926353,40.747551],[-73.934401,40.746035],[-73.93347,40.745152],[-73.934996,40.737869],[-73.920447,40.73485],[-73.922726,40.734356],[-73.925244,40.732442],[-73.928801,40.728025],[-73.935888,40.729465],[-73.938045,40.73051],[-73.939111,40.73138],[-73.940067,40.733762],[-73.941625,40.735841],[-73.945942,40.737507],[-73.941462,40.739249],[-73.938588,40.742931],[-73.940019,40.743208],[-73.940149,40.742832],[-73.939653,40.742731],[-73.941188,40.74029],[-73.942706,40.739115],[-73.947151,40.7379],[-73.953799,40.73982],[-73.957655,40.739435],[-73.960726,40.73808],[-73.962164,40.738272],[-73.962608,40.738796],[-73.962209,40.740006],[-73.961293,40.740433],[-73.961909,40.740868],[-73.961219,40.741108],[-73.961108,40.741828],[-73.961553,40.741993],[-73.96119,40.742645],[-73.960568,40.743466],[-73.959785,40.743498],[-73.959751,40.743902],[-73.960649,40.74413],[-73.959632,40.743935],[-73.959391,40.744283],[-73.959729,40.744272],[-73.960155,40.744369],[-73.960126,40.744444],[-73.958775,40.744556],[-73.959464,40.744649],[-73.958641,40.744948],[-73.959652,40.745217],[-73.958494,40.744988],[-73.959324,40.745543],[-73.958399,40.745719],[-73.958994,40.746065],[-73.956795,40.74884],[-73.953184,40.747735],[-73.953054,40.748087],[-73.95638,40.749034],[-73.95576,40.749597],[-73.956201,40.749686],[-73.955349,40.750014],[-73.955067,40.749633],[-73.953994,40.751786],[-73.941312,40.766918],[-73.938064,40.768771],[-73.92538,40.76197],[-73.929751,40.756581],[-73.923372,40.753594],[-73.920865,40.756678],[-73.914467,40.753661],[-73.91058,40.752984],[-73.909556,40.75104],[-73.90971,40.749755],[-73.915406,40.75011],[-73.920342,40.74916],[-73.920798,40.746891],[-73.926353,40.747551]]]}},{"type": "Feature","properties": {"bairro": "Longwood","distrito": "Bronx"},"geometry": {"type": "Polygon","coordinates": [[[-73.899797,40.827685],[-73.888063,40.82887],[-73.8864,40.827503],[-73.883817,40.82833],[-73.884531,40.825647],[-73.884328,40.822614],[-73.887149,40.822332],[-73.890422,40.819984],[-73.897955,40.81297],[-73.898448,40.813177],[-73.900905,40.811429],[-73.902718,40.810917],[-73.904466,40.812282],[-73.910948,40.813621],[-73.917625,40.816055],[-73.914031,40.818956],[-73.911745,40.822107],[-73.90941,40.822869],[-73.907647,40.826695],[-73.90509,40.829014],[-73.903852,40.828194],[-73.903461,40.828533],[-73.899797,40.827685]]]}},{"type": "Feature","properties": {"bairro": "Lower East Side","distrito": "Manhattan"},"geometry": {"type": "Polygon","coordinates": [[[-73.973576,40.718589],[-73.976712,40.711536],[-73.977997,40.710561],[-73.98839,40.709127],[-73.988737,40.709971],[-73.991898,40.709541],[-73.992623,40.713168],[-73.99012,40.713382],[-73.9902,40.714665],[-73.989155,40.716708],[-73.994808,40.718457],[-73.992604,40.724136],[-73.977224,40.71931],[-73.973576,40.718589]]]}},{"type": "Feature","properties": {"bairro": "Manhattan Beach","distrito": "Brooklyn"},"geometry": {"type": "Polygon","coordinates": [[[-73.953419,40.582609],[-73.953301,40.582003],[-73.949697,40.582319],[-73.942741,40.580996],[-73.93258,40.581265],[-73.931063,40.576163],[-73.931503,40.575661],[-73.934894,40.575222],[-73.936471,40.57586],[-73.93672,40.575418],[-73.942509,40.575374],[-73.944393,40.575789],[-73.944596,40.575246],[-73.945724,40.575559],[-73.946182,40.575299],[-73.945924,40.575115],[-73.952363,40.574292],[-73.95408,40.582793],[-73.953419,40.582609]]]}},{"type": "Feature","properties": {"bairro": "Marble Hill","distrito": "Manhattan"},"geometry": {"type": "Polygon","coordinates": [[[-73.908932,40.872157],[-73.910921,40.874146],[-73.915786,40.875717],[-73.912058,40.878119],[-73.911489,40.879019],[-73.909498,40.878777],[-73.907037,40.876895],[-73.906651,40.875753],[-73.907743,40.872846],[-73.908932,40.872157]]]}},{"type": "Feature","properties": {"bairro": "Midtown","distrito": "Manhattan"},"geometry": {"type": "Polygon","coordinates": [[[-73.958788,40.758213],[-73.967919,40.747961],[-73.979287,40.752801],[-73.982955,40.747744],[-73.979711,40.746385],[-73.983381,40.741375],[-73.991356,40.744763],[-73.987933,40.749853],[-73.993464,40.75219],[-73.990724,40.75595],[-73.985043,40.753554],[-73.979057,40.761747],[-73.984726,40.764167],[-73.982039,40.768388],[-73.958788,40.758213]]]}},{"type": "Feature","properties": {"bairro": "Midwood","distrito": "Brooklyn"},"geometry": {"type": "Polygon","coordinates": [[[-73.947458,40.63059],[-73.944059,40.61199],[-73.972993,40.608818],[-73.976569,40.627579],[-73.96678,40.632295],[-73.9659,40.628648],[-73.947458,40.63059]]]}},{"type": "Feature","properties": {"bairro": "Norwood","distrito": "Bronx"},"geometry": {"type": "Polygon","coordinates": [[[-73.869286,40.880249],[-73.870072,40.8783],[-73.870944,40.878513],[-73.872193,40.875804],[-73.876158,40.870475],[-73.88303,40.86663],[-73.884953,40.869796],[-73.889414,40.873437],[-73.887808,40.87697],[-73.884656,40.879807],[-73.885668,40.88074],[-73.887029,40.884411],[-73.884053,40.883141],[-73.882638,40.883411],[-73.88132,40.882745],[-73.877876,40.887244],[-73.87761,40.88452],[-73.878126,40.88215],[-73.874675,40.881563],[-73.87475,40.880011],[-73.870835,40.880673],[-73.869286,40.880249]]]}},{"type": "Feature","properties": {"bairro": "Oakwood","distrito": "Staten Island"},"geometry": {"type": "Polygon","coordinates": [[[-74.124917,40.568963],[-74.11226,40.561458],[-74.11014,40.564311],[-74.099929,40.559071],[-74.101244,40.557661],[-74.101846,40.556217],[-74.101354,40.555583],[-74.102651,40.556134],[-74.103098,40.555905],[-74.104659,40.55412],[-74.104844,40.553026],[-74.106482,40.554157],[-74.107348,40.554148],[-74.110285,40.551496],[-74.11301,40.54778],[-74.11464,40.549112],[-74.116507,40.548647],[-74.119438,40.551352],[-74.119528,40.552267],[-74.1273,40.557295],[-74.128117,40.556535],[-74.134808,40.560799],[-74.13156,40.564692],[-74.13047,40.564972],[-74.124917,40.568963]]]}},{"type": "Feature","properties": {"bairro": "Morris Heights","distrito": "Bronx"},"geometry": {"type": "Polygon","coordinates": [[[-73.907333,40.853816],[-73.914199,40.845115],[-73.922661,40.844632],[-73.928129,40.845328],[-73.919045,40.857379],[-73.917592,40.856812],[-73.9168,40.855665],[-73.916935,40.854609],[-73.912273,40.853759],[-73.9112,40.854822],[-73.90943,40.85396],[-73.907333,40.853816]]]}},{"type": "Feature","properties": {"bairro": "Pleasant Plains","distrito": "Staten Island"},"geometry": {"type": "Polygon","coordinates": [[[-74.22414,40.532292],[-74.22389,40.531113],[-74.221576,40.528605],[-74.22022,40.528037],[-74.218167,40.528004],[-74.221183,40.526922],[-74.222128,40.525814],[-74.22366,40.525543],[-74.225043,40.52054],[-74.219479,40.522147],[-74.213909,40.523015],[-74.210435,40.511736],[-74.213735,40.51041],[-74.223215,40.508659],[-74.222903,40.508936],[-74.226634,40.517251],[-74.22691,40.519172],[-74.231597,40.520879],[-74.233537,40.52064],[-74.23946,40.521279],[-74.239823,40.520091],[-74.241173,40.52106],[-74.242932,40.521227],[-74.242584,40.522199],[-74.242802,40.524007],[-74.243358,40.524819],[-74.243965,40.524905],[-74.242564,40.528411],[-74.227853,40.527631],[-74.226939,40.528117],[-74.225693,40.529911],[-74.224846,40.5324],[-74.22414,40.532292]]]}},{"type": "Feature","properties": {"bairro": "Mariners Harbor","distrito": "Staten Island"},"geometry": {"type": "Polygon","coordinates": [[[-74.160905,40.639386],[-74.161082,40.638568],[-74.160348,40.638444],[-74.159864,40.639928],[-74.160225,40.638339],[-74.159857,40.638729],[-74.15932,40.63781],[-74.15901,40.638823],[-74.158933,40.638264],[-74.157893,40.637965],[-74.157734,40.638879],[-74.157774,40.637957],[-74.157188,40.637951],[-74.156977,40.639275],[-74.157071,40.637947],[-74.155699,40.637518],[-74.155618,40.63847],[-74.155586,40.637731],[-74.154829,40.637724],[-74.154693,40.639194],[-74.154597,40.637343],[-74.152797,40.637133],[-74.152218,40.637693],[-74.152298,40.638274],[-74.152046,40.637667],[-74.151195,40.637731],[-74.151395,40.639397],[-74.15113,40.638501],[-74.150556,40.638559],[-74.149458,40.63741],[-74.149419,40.638292],[-74.148882,40.638705],[-74.148558,40.637438],[-74.148778,40.638876],[-74.145193,40.639378],[-74.143862,40.638888],[-74.143137,40.639659],[-74.145801,40.632194],[-74.145706,40.627176],[-74.14612,40.624931],[-74.166559,40.627367],[-74.16627,40.63365],[-74.171113,40.633467],[-74.171287,40.640518],[-74.171193,40.641741],[-74.169064,40.64213],[-74.166534,40.641423],[-74.166216,40.642424],[-74.166319,40.641437],[-74.165634,40.641214],[-74.165443,40.642281],[-74.164941,40.642209],[-74.16519,40.640642],[-74.164734,40.640391],[-74.164415,40.641397],[-74.164597,40.640316],[-74.164169,40.639994],[-74.163862,40.641053],[-74.164047,40.639947],[-74.163454,40.639857],[-74.163246,40.640957],[-74.162752,40.641025],[-74.161675,40.640611],[-74.162285,40.638766],[-74.161819,40.638646],[-74.161449,40.639428],[-74.16166,40.638665],[-74.16124,40.638595],[-74.160905,40.639386]]]}},{"type": "Feature","properties": {"bairro": "Maspeth","distrito": "Queens"},"geometry": {"type": "Polygon","coordinates": [[[-73.890157,40.739192],[-73.887702,40.734291],[-73.888523,40.734531],[-73.88806,40.730087],[-73.88756,40.730197],[-73.8872,40.728612],[-73.887018,40.723738],[-73.885641,40.722022],[-73.901158,40.714622],[-73.900596,40.712697],[-73.92392,40.714074],[-73.924122,40.715138],[-73.923525,40.715617],[-73.92233,40.716077],[-73.920569,40.716004],[-73.922238,40.716382],[-73.923939,40.719043],[-73.924244,40.721429],[-73.925129,40.722388],[-73.924423,40.72359],[-73.920734,40.72331],[-73.920371,40.723681],[-73.924903,40.724507],[-73.928801,40.728025],[-73.925244,40.732442],[-73.922726,40.734356],[-73.91742,40.731132],[-73.91797,40.728501],[-73.9121,40.727609],[-73.912008,40.729945],[-73.90855,40.73793],[-73.907506,40.741862],[-73.890157,40.739192]]]}},{"type": "Feature","properties": {"bairro": "Melrose","distrito": "Bronx"},"geometry": {"type": "Polygon","coordinates": [[[-73.90941,40.822869],[-73.911745,40.822107],[-73.914031,40.818956],[-73.917625,40.816055],[-73.925382,40.818069],[-73.92294,40.820598],[-73.916309,40.824903],[-73.90941,40.822869]]]}},{"type": "Feature","properties": {"bairro": "Middle Village","distrito": "Queens"},"geometry": {"type": "Polygon","coordinates": [[[-73.86501,40.710777],[-73.86893,40.709697],[-73.874887,40.707003],[-73.885984,40.706282],[-73.900596,40.712697],[-73.901158,40.714622],[-73.87698,40.725734],[-73.871429,40.729248],[-73.869293,40.724436],[-73.859684,40.714362],[-73.859637,40.713401],[-73.86501,40.710777]]]}},{"type": "Feature","properties": {"bairro": "Midland Beach","distrito": "Staten Island"},"geometry": {"type": "Polygon","coordinates": [[[-74.080803,40.574723],[-74.085953,40.570298],[-74.086913,40.568986],[-74.086216,40.568533],[-74.087251,40.569082],[-74.089249,40.567016],[-74.089983,40.56738],[-74.091064,40.566657],[-74.092686,40.568065],[-74.105678,40.574527],[-74.100345,40.579728],[-74.095212,40.577045],[-74.093443,40.579049],[-74.088974,40.577145],[-74.087152,40.579358],[-74.085106,40.578288],[-74.080803,40.574723]]]}},{"type": "Feature","properties": {"bairro": "Mill Basin","distrito": "Brooklyn"},"geometry": {"type": "Polygon","coordinates": [[[-73.909008,40.615773],[-73.902259,40.610423],[-73.901642,40.605763],[-73.905243,40.60491],[-73.905975,40.606384],[-73.90811,40.606273],[-73.908615,40.606661],[-73.908033,40.605359],[-73.908404,40.605243],[-73.908886,40.606537],[-73.909852,40.606],[-73.908325,40.604073],[-73.910923,40.603505],[-73.913651,40.603983],[-73.916736,40.606815],[-73.916322,40.608676],[-73.916784,40.608774],[-73.916571,40.609424],[-73.91684,40.60876],[-73.916509,40.60863],[-73.917088,40.608821],[-73.916165,40.610516],[-73.914495,40.611653],[-73.914934,40.613958],[-73.913861,40.614642],[-73.91434,40.614939],[-73.916421,40.613569],[-73.915929,40.613859],[-73.915725,40.613618],[-73.916248,40.613626],[-73.915746,40.613385],[-73.915966,40.613236],[-73.916387,40.61353],[-73.915871,40.61291],[-73.916628,40.613444],[-73.915732,40.611831],[-73.91811,40.610208],[-73.917866,40.609327],[-73.917679,40.609663],[-73.917963,40.608786],[-73.91782,40.609304],[-73.918557,40.608498],[-73.918005,40.60815],[-73.919007,40.608267],[-73.918138,40.607645],[-73.919023,40.608257],[-73.919354,40.608043],[-73.918253,40.607229],[-73.919371,40.608033],[-73.919522,40.607739],[-73.914428,40.602864],[-73.913641,40.602524],[-73.913471,40.602912],[-73.913498,40.602367],[-73.913,40.60274],[-73.913455,40.602342],[-73.914281,40.602257],[-73.924359,40.611466],[-73.916903,40.616274],[-73.917253,40.619549],[-73.912525,40.619831],[-73.909205,40.616814],[-73.909644,40.616575],[-73.909008,40.615773]]]}},{"type": "Feature","properties": {"bairro": "Morningside Heights","distrito": "Manhattan"},"geometry": {"type": "Polygon","coordinates": [[[-73.959647,40.801156],[-73.971037,40.805918],[-73.964325,40.815513],[-73.961038,40.818704],[-73.954288,40.810992],[-73.958181,40.805565],[-73.958249,40.803107],[-73.959647,40.801156]]]}},{"type": "Feature","properties": {"bairro": "Olinville","distrito": "Bronx"},"geometry": {"type": "Polygon","coordinates": [[[-73.86164,40.885693],[-73.86701,40.876133],[-73.867216,40.86969],[-73.870555,40.869703],[-73.870285,40.876102],[-73.869398,40.878113],[-73.870072,40.8783],[-73.8662,40.88714],[-73.86164,40.885693]]]}},{"type": "Feature","properties": {"bairro": "Navy Yard","distrito": "Brooklyn"},"geometry": {"type": "Polygon","coordinates": [[[-73.967621,40.703349],[-73.96721,40.704256],[-73.9617,40.699925],[-73.961899,40.698188],[-73.965418,40.697628],[-73.980544,40.698246],[-73.98065,40.701561],[-73.979245,40.705548],[-73.978865,40.705868],[-73.978928,40.705496],[-73.978466,40.705562],[-73.978399,40.705983],[-73.978853,40.706066],[-73.978345,40.706],[-73.978593,40.704979],[-73.978021,40.704291],[-73.977212,40.704214],[-73.977512,40.703197],[-73.977136,40.703006],[-73.975961,40.704716],[-73.976927,40.702798],[-73.976159,40.702171],[-73.97533,40.702952],[-73.976006,40.701946],[-73.97455,40.70159],[-73.975735,40.69957],[-73.974115,40.701305],[-73.972392,40.700166],[-73.973757,40.701534],[-73.973187,40.70167],[-73.970782,40.699979],[-73.973325,40.702413],[-73.972835,40.702729],[-73.969826,40.700245],[-73.969487,40.700519],[-73.972839,40.703346],[-73.969245,40.701365],[-73.968985,40.701747],[-73.972312,40.703845],[-73.971103,40.70346],[-73.97102,40.703816],[-73.974656,40.706074],[-73.974391,40.706326],[-73.973476,40.705686],[-73.972549,40.706204],[-73.97463,40.707681],[-73.974236,40.708024],[-73.971097,40.70585],[-73.971057,40.706946],[-73.972758,40.708831],[-73.97232,40.709083],[-73.970262,40.706888],[-73.970181,40.704929],[-73.967621,40.703349]]]}},{"type": "Feature","properties": {"bairro": "Neponsit","distrito": "Queens"},"geometry": {"type": "Polygon","coordinates": [[[-73.856007,40.569549],[-73.862659,40.5668],[-73.863754,40.56858],[-73.864963,40.567895],[-73.865387,40.568863],[-73.864628,40.569257],[-73.866785,40.572368],[-73.866685,40.57319],[-73.863615,40.57383],[-73.8632,40.574127],[-73.864129,40.575391],[-73.860614,40.577252],[-73.856007,40.569549]]]}},{"type": "Feature","properties": {"bairro": "New Brighton","distrito": "Staten Island"},"geometry": {"type": "Polygon","coordinates": [[[-74.087279,40.637812],[-74.08813,40.637626],[-74.088917,40.636528],[-74.092449,40.635619],[-74.09339,40.6366],[-74.095999,40.645382],[-74.089559,40.647258],[-74.0892,40.647032],[-74.08652,40.643897],[-74.087542,40.638449],[-74.087279,40.637812]]]}},{"type": "Feature","properties": {"bairro": "New Dorp","distrito": "Staten Island"},"geometry": {"type": "Polygon","coordinates": [[[-74.114826,40.579181],[-74.104699,40.57402],[-74.108739,40.569992],[-74.10976,40.570468],[-74.116379,40.563898],[-74.124917,40.568963],[-74.121315,40.572078],[-74.121799,40.575025],[-74.124113,40.575805],[-74.123323,40.578639],[-74.12144,40.580159],[-74.120996,40.579526],[-74.118891,40.580478],[-74.118289,40.578192],[-74.117587,40.577581],[-74.114826,40.579181]]]}},{"type": "Feature","properties": {"bairro": "New Dorp Beach","distrito": "Staten Island"},"geometry": {"type": "Polygon","coordinates": [[[-74.091064,40.566657],[-74.094071,40.562732],[-74.095424,40.563155],[-74.096614,40.562087],[-74.098198,40.559836],[-74.097848,40.559034],[-74.098659,40.559408],[-74.100337,40.55908],[-74.11014,40.564311],[-74.11226,40.561458],[-74.116379,40.563898],[-74.10976,40.570468],[-74.108739,40.569992],[-74.104699,40.57402],[-74.092686,40.568065],[-74.091064,40.566657]]]}},{"type": "Feature","properties": {"bairro": "New Springville","distrito": "Staten Island"},"geometry": {"type": "Polygon","coordinates": [[[-74.145667,40.589966],[-74.146351,40.586012],[-74.152528,40.580617],[-74.169835,40.570879],[-74.169779,40.577438],[-74.168872,40.585419],[-74.170349,40.585686],[-74.169834,40.58741],[-74.168522,40.587282],[-74.168257,40.588083],[-74.169285,40.588496],[-74.169056,40.589182],[-74.168582,40.589092],[-74.168428,40.589585],[-74.167747,40.589174],[-74.163677,40.592488],[-74.1636,40.593374],[-74.162604,40.593157],[-74.1619,40.595299],[-74.160355,40.595342],[-74.159652,40.596467],[-74.155246,40.595479],[-74.145667,40.589966]]]}},{"type": "Feature","properties": {"bairro": "NoHo","distrito": "Manhattan"},"geometry": {"type": "Polygon","coordinates": [[[-73.992604,40.724136],[-73.996772,40.725432],[-73.992854,40.730083],[-73.990757,40.729741],[-73.992604,40.724136]]]}},{"type": "Feature","properties": {"bairro": "Nolita","distrito": "Manhattan"},"geometry": {"type": "Polygon","coordinates": [[[-73.992604,40.724136],[-73.994393,40.719525],[-73.99767,40.72082],[-73.996661,40.723467],[-73.995395,40.725004],[-73.992604,40.724136]]]}},{"type": "Feature","properties": {"bairro": "North Riverdale","distrito": "Bronx"},"geometry": {"type": "Polygon","coordinates": [[[-73.896627,40.91147],[-73.896409,40.902961],[-73.897033,40.900279],[-73.901938,40.90121],[-73.901837,40.901556],[-73.90611,40.90167],[-73.91422,40.904138],[-73.911505,40.91217],[-73.911655,40.913418],[-73.910333,40.915533],[-73.896627,40.91147]]]}},{"type": "Feature","properties": {"bairro": "Park Slope","distrito": "Brooklyn"},"geometry": {"type": "Polygon","coordinates": [[[-73.978026,40.684864],[-73.97105,40.675237],[-73.971479,40.673738],[-73.970437,40.672621],[-73.97686,40.664614],[-73.988726,40.670342],[-73.9839,40.676148],[-73.978026,40.684864]]]}},{"type": "Feature","properties": {"bairro": "Port Morris","distrito": "Bronx"},"geometry": {"type": "Polygon","coordinates": [[[-73.898448,40.813177],[-73.895395,40.811898],[-73.894869,40.808905],[-73.89004,40.809629],[-73.889146,40.806118],[-73.889996,40.804886],[-73.889374,40.805925],[-73.891786,40.805623],[-73.891979,40.806385],[-73.892707,40.806344],[-73.892532,40.805657],[-73.892273,40.805702],[-73.892164,40.805303],[-73.891267,40.80501],[-73.891732,40.805049],[-73.892198,40.805285],[-73.8923,40.805661],[-73.892567,40.805621],[-73.892748,40.80634],[-73.894854,40.806215],[-73.894843,40.805724],[-73.895098,40.806864],[-73.895506,40.806595],[-73.89528,40.805766],[-73.895591,40.806581],[-73.895978,40.806518],[-73.895875,40.805809],[-73.896108,40.806496],[-73.897497,40.806214],[-73.897415,40.8058],[-73.898013,40.806167],[-73.897871,40.805535],[-73.898161,40.806138],[-73.898527,40.805434],[-73.902223,40.804948],[-73.906814,40.800891],[-73.908074,40.799573],[-73.907682,40.799388],[-73.908422,40.799442],[-73.908303,40.798959],[-73.911688,40.796624],[-73.913723,40.796789],[-73.91909,40.799015],[-73.920241,40.799614],[-73.921327,40.801285],[-73.922927,40.802373],[-73.927628,40.802696],[-73.927283,40.803508],[-73.927661,40.804007],[-73.928726,40.804104],[-73.93227,40.80834],[-73.932864,40.810124],[-73.932632,40.811905],[-73.926857,40.807709],[-73.916281,40.803263],[-73.90627,40.807451],[-73.898448,40.813177]]]}},{"type": "Feature","properties": {"bairro": "Port Richmond","distrito": "Staten Island"},"geometry": {"type": "Polygon","coordinates": [[[-74.130935,40.641068],[-74.131563,40.640356],[-74.129523,40.639181],[-74.12867,40.637348],[-74.129001,40.634334],[-74.13061,40.63132],[-74.130247,40.629609],[-74.13131,40.626328],[-74.13333,40.626393],[-74.137227,40.624296],[-74.14612,40.624931],[-74.145706,40.627176],[-74.145801,40.632194],[-74.143137,40.639659],[-74.142388,40.639641],[-74.142154,40.640343],[-74.14148,40.640092],[-74.140763,40.640589],[-74.134353,40.641887],[-74.132992,40.641417],[-74.131256,40.641597],[-74.131462,40.64131],[-74.130935,40.641068]]]}},{"type": "Feature","properties": {"bairro": "Prince's Bay","distrito": "Staten Island"},"geometry": {"type": "Polygon","coordinates": [[[-74.186298,40.534095],[-74.18092,40.527455],[-74.179529,40.524854],[-74.179554,40.522875],[-74.177952,40.51959],[-74.181041,40.520705],[-74.184831,40.519341],[-74.188494,40.51634],[-74.189269,40.515345],[-74.188843,40.515087],[-74.189712,40.51532],[-74.194096,40.510641],[-74.195213,40.509978],[-74.196499,40.509924],[-74.199672,40.511427],[-74.200037,40.512678],[-74.198926,40.512777],[-74.199361,40.51301],[-74.207597,40.511835],[-74.209688,40.510797],[-74.209322,40.510399],[-74.209714,40.510778],[-74.210155,40.510364],[-74.213909,40.523015],[-74.219479,40.522147],[-74.225043,40.52054],[-74.22366,40.525543],[-74.222128,40.525814],[-74.221183,40.526922],[-74.20289,40.531712],[-74.20302,40.532206],[-74.193418,40.535127],[-74.191744,40.531917],[-74.186298,40.534095]]]}},{"type": "Feature","properties": {"bairro": "Prospect Heights","distrito": "Brooklyn"},"geometry": {"type": "Polygon","coordinates": [[[-73.977431,40.684043],[-73.964389,40.681105],[-73.962596,40.67163],[-73.968889,40.672961],[-73.968709,40.673938],[-73.969281,40.675098],[-73.970037,40.675522],[-73.97105,40.675237],[-73.977431,40.684043]]]}},{"type": "Feature","properties": {"bairro": "Randall Manor","distrito": "Staten Island"},"geometry": {"type": "Polygon","coordinates": [[[-74.095999,40.645382],[-74.09339,40.6366],[-74.092449,40.635619],[-74.09348,40.634944],[-74.095889,40.635644],[-74.097267,40.633998],[-74.10253,40.634663],[-74.114538,40.634763],[-74.12596,40.633859],[-74.123034,40.629011],[-74.121257,40.627823],[-74.13131,40.626328],[-74.130247,40.629609],[-74.13061,40.63132],[-74.129001,40.634334],[-74.12867,40.637348],[-74.129523,40.639181],[-74.131563,40.640356],[-74.130935,40.641068],[-74.130184,40.640724],[-74.129491,40.641355],[-74.129977,40.64073],[-74.129307,40.640337],[-74.128933,40.640414],[-74.128907,40.641195],[-74.128812,40.640227],[-74.127527,40.640155],[-74.127027,40.639319],[-74.127054,40.640242],[-74.12607,40.640254],[-74.126368,40.641332],[-74.12564,40.641418],[-74.126133,40.641264],[-74.125995,40.640231],[-74.124156,40.640135],[-74.122573,40.640622],[-74.122762,40.641427],[-74.121195,40.641675],[-74.120713,40.641046],[-74.119935,40.641198],[-74.119607,40.64138],[-74.119957,40.642209],[-74.119097,40.641473],[-74.1194,40.642379],[-74.119003,40.641465],[-74.118616,40.64153],[-74.118836,40.642542],[-74.118402,40.64153],[-74.118049,40.642157],[-74.117288,40.641594],[-74.117507,40.64242],[-74.117137,40.641898],[-74.116722,40.642032],[-74.117225,40.643027],[-74.116666,40.642107],[-74.1163,40.642203],[-74.11667,40.64319],[-74.116142,40.642216],[-74.115719,40.642352],[-74.116227,40.643307],[-74.115351,40.642471],[-74.113797,40.64361],[-74.113951,40.644137],[-74.112888,40.644532],[-74.11389,40.64399],[-74.11333,40.643723],[-74.109739,40.645464],[-74.104124,40.64574],[-74.098801,40.645047],[-74.095999,40.645382]]]}},{"type": "Feature","properties": {"bairro": "Riverdale","distrito": "Bronx"},"geometry": {"type": "Polygon","coordinates": [[[-73.901938,40.90121],[-73.90416,40.901109],[-73.905733,40.90045],[-73.907257,40.899389],[-73.907939,40.897675],[-73.908119,40.88936],[-73.906899,40.885999],[-73.907465,40.884434],[-73.910327,40.883441],[-73.921063,40.88621],[-73.916942,40.896645],[-73.91459,40.904119],[-73.90611,40.90167],[-73.904113,40.901819],[-73.901837,40.901556],[-73.901938,40.90121]]]}},{"type": "Feature","properties": {"bairro": "Silver Lake","distrito": "Staten Island"},"geometry": {"type": "Polygon","coordinates": [[[-74.088675,40.621031],[-74.090224,40.619409],[-74.0939,40.620255],[-74.094624,40.619654],[-74.097702,40.618809],[-74.099685,40.619653],[-74.103511,40.616414],[-74.1058,40.618829],[-74.110015,40.620688],[-74.104453,40.622913],[-74.101802,40.623147],[-74.10203,40.623796],[-74.100064,40.624173],[-74.100844,40.628444],[-74.099022,40.628684],[-74.099257,40.629933],[-74.098177,40.630007],[-74.098421,40.631598],[-74.097155,40.631898],[-74.0889,40.630292],[-74.088077,40.631081],[-74.086823,40.630318],[-74.08851,40.628913],[-74.088675,40.621031]]]}},{"type": "Feature","properties": {"bairro": "SoHo","distrito": "Manhattan"},"geometry": {"type": "Polygon","coordinates": [[[-74.002856,40.728347],[-73.995395,40.725004],[-73.996661,40.723467],[-73.99767,40.72082],[-73.999991,40.717977],[-74.01106,40.725744],[-74.011376,40.72428],[-74.011965,40.724332],[-74.011653,40.725872],[-74.015204,40.726362],[-74.015124,40.726794],[-74.011542,40.726447],[-74.010659,40.729832],[-74.009208,40.729706],[-74.00935,40.728988],[-74.002856,40.728347]]]}},{"type": "Feature","properties": {"bairro": "Woodrow","distrito": "Staten Island"},"geometry": {"type": "Polygon","coordinates": [[[-74.177403,40.542479],[-74.177618,40.538976],[-74.18083,40.535925],[-74.189465,40.533092],[-74.191744,40.531917],[-74.193418,40.535127],[-74.20302,40.532206],[-74.20289,40.531712],[-74.218295,40.527715],[-74.218167,40.528004],[-74.22022,40.528037],[-74.221576,40.528605],[-74.22389,40.531113],[-74.22414,40.532292],[-74.224583,40.537017],[-74.223956,40.540778],[-74.2045,40.541962],[-74.197308,40.543262],[-74.188588,40.548944],[-74.187573,40.550147],[-74.188576,40.550714],[-74.187074,40.552424],[-74.188265,40.553275],[-74.186093,40.554549],[-74.18464,40.553807],[-74.183181,40.555201],[-74.18209,40.551104],[-74.178814,40.54966],[-74.180721,40.546673],[-74.176498,40.544487],[-74.177403,40.542479]]]}},{"type": "Feature","properties": {"bairro": "Red Hook","distrito": "Brooklyn"},"geometry": {"type": "Polygon","coordinates": [[[-74.005675,40.68293],[-73.99866,40.671705],[-74.000303,40.668717],[-74.002215,40.668579],[-74.003191,40.667263],[-74.005864,40.667994],[-74.006932,40.666025],[-74.004754,40.670721],[-74.005439,40.670921],[-74.007548,40.667052],[-74.007087,40.668591],[-74.009854,40.668524],[-74.01154,40.665086],[-74.015749,40.664568],[-74.017444,40.665268],[-74.017887,40.66585],[-74.018763,40.671076],[-74.019339,40.671625],[-74.01751,40.671035],[-74.016487,40.664931],[-74.016026,40.664863],[-74.015937,40.665471],[-74.01228,40.665732],[-74.010338,40.669078],[-74.011543,40.669784],[-74.011625,40.670581],[-74.014249,40.669729],[-74.011754,40.670658],[-74.014274,40.671379],[-74.0152,40.670754],[-74.013873,40.671881],[-74.014233,40.67213],[-74.015686,40.671039],[-74.012976,40.673328],[-74.013364,40.673592],[-74.015119,40.672157],[-74.016321,40.672908],[-74.014579,40.674414],[-74.014964,40.674678],[-74.018168,40.671939],[-74.018801,40.672251],[-74.017271,40.673609],[-74.018011,40.673913],[-74.017834,40.675258],[-74.018881,40.675092],[-74.017912,40.67651],[-74.019769,40.676613],[-74.019952,40.677103],[-74.019083,40.67714],[-74.019177,40.677827],[-74.01843,40.677908],[-74.018411,40.678407],[-74.019663,40.678388],[-74.018253,40.678553],[-74.018579,40.678983],[-74.01954,40.678968],[-74.019281,40.679648],[-74.015387,40.681867],[-74.0123,40.679731],[-74.00756,40.683737],[-74.005675,40.68293]]]}},{"type": "Feature","properties": {"bairro": "Rego Park","distrito": "Queens"},"geometry": {"type": "Polygon","coordinates": [[[-73.859684,40.714362],[-73.869293,40.724436],[-73.871429,40.729248],[-73.871344,40.731837],[-73.870813,40.732684],[-73.867915,40.733943],[-73.864424,40.733905],[-73.856492,40.736273],[-73.85173,40.728478],[-73.852008,40.726866],[-73.853721,40.726962],[-73.857268,40.721504],[-73.856652,40.719869],[-73.857479,40.719677],[-73.856448,40.711338],[-73.859771,40.711843],[-73.859684,40.714362]]]}},{"type": "Feature","properties": {"bairro": "Richmond Hill","distrito": "Queens"},"geometry": {"type": "Polygon","coordinates": [[[-73.818459,40.705663],[-73.817769,40.70548],[-73.814144,40.697931],[-73.805832,40.682914],[-73.825781,40.677207],[-73.831083,40.678151],[-73.83754,40.691364],[-73.845026,40.689238],[-73.849478,40.698196],[-73.845021,40.69935],[-73.841549,40.701074],[-73.838562,40.703316],[-73.8353,40.70201],[-73.82576,40.704428],[-73.824441,40.704062],[-73.8251,40.707449],[-73.82202,40.705212],[-73.82063,40.705842],[-73.82008,40.705031],[-73.818459,40.705663]]]}},{"type": "Feature","properties": {"bairro": "Richmondtown","distrito": "Staten Island"},"geometry": {"type": "Polygon","coordinates": [[[-74.125651,40.57586],[-74.121799,40.575025],[-74.121315,40.572078],[-74.122689,40.570561],[-74.13047,40.564972],[-74.13156,40.564692],[-74.132614,40.563453],[-74.134768,40.564514],[-74.134617,40.565247],[-74.141304,40.568378],[-74.140463,40.569537],[-74.14197,40.570204],[-74.141999,40.570725],[-74.141536,40.570783],[-74.141883,40.572233],[-74.133159,40.573479],[-74.125651,40.57586]]]}},{"type": "Feature","properties": {"bairro": "Ridgewood","distrito": "Queens"},"geometry": {"type": "Polygon","coordinates": [[[-73.900596,40.712697],[-73.891165,40.708598],[-73.892385,40.707171],[-73.896722,40.706093],[-73.894388,40.700784],[-73.90158,40.691766],[-73.905822,40.694114],[-73.904263,40.695682],[-73.911769,40.699974],[-73.910672,40.701072],[-73.913078,40.702422],[-73.91198,40.703603],[-73.921676,40.709471],[-73.92073,40.710461],[-73.921326,40.710859],[-73.922116,40.712928],[-73.92392,40.714074],[-73.900596,40.712697]]]}},{"type": "Feature","properties": {"bairro": "Sea Gate","distrito": "Brooklyn"},"geometry": {"type": "Polygon","coordinates": [[[-74.00388,40.581635],[-74.002487,40.571738],[-74.004402,40.572798],[-74.011157,40.574167],[-74.012015,40.574885],[-74.013031,40.57791],[-74.011893,40.579735],[-74.007454,40.581804],[-74.00388,40.581635]]]}},{"type": "Feature","properties": {"bairro": "Rockaway Beach","distrito": "Queens"},"geometry": {"type": "Polygon","coordinates": [[[-73.805279,40.591682],[-73.80533,40.59052],[-73.801246,40.590868],[-73.800451,40.586008],[-73.796876,40.586315],[-73.807835,40.584015],[-73.813524,40.583473],[-73.816409,40.582619],[-73.81936,40.587349],[-73.819326,40.587903],[-73.817416,40.588917],[-73.817638,40.589286],[-73.81341,40.590918],[-73.813589,40.591698],[-73.813235,40.591071],[-73.811703,40.591594],[-73.811494,40.592901],[-73.811326,40.591746],[-73.810818,40.59209],[-73.811386,40.592442],[-73.811408,40.592871],[-73.811073,40.593022],[-73.811373,40.592703],[-73.81075,40.592792],[-73.811358,40.592463],[-73.81094,40.592547],[-73.810805,40.592092],[-73.809911,40.592254],[-73.810062,40.593078],[-73.809731,40.592404],[-73.809617,40.593576],[-73.806028,40.592009],[-73.805779,40.590759],[-73.805827,40.59186],[-73.805279,40.591682]]]}},{"type": "Feature","properties": {"bairro": "Roosevelt Island","distrito": "Manhattan"},"geometry": {"type": "Polygon","coordinates": [[[-73.9449,40.769484],[-73.942127,40.772035],[-73.940012,40.772842],[-73.94028,40.770671],[-73.941118,40.769414],[-73.942855,40.768303],[-73.952903,40.756739],[-73.957915,40.75211],[-73.961583,40.749414],[-73.959016,40.753595],[-73.952086,40.760862],[-73.9449,40.769484]]]}},{"type": "Feature","properties": {"bairro": "Rosebank","distrito": "Staten Island"},"geometry": {"type": "Polygon","coordinates": [[[-74.062815,40.615671],[-74.07497,40.609513],[-74.07609,40.608188],[-74.076443,40.606774],[-74.081323,40.606588],[-74.076156,40.613572],[-74.073454,40.615416],[-74.068656,40.617517],[-74.066667,40.619021],[-74.065961,40.619359],[-74.066199,40.618722],[-74.065446,40.619203],[-74.066682,40.618067],[-74.066416,40.617872],[-74.064257,40.618172],[-74.065099,40.617511],[-74.064437,40.617062],[-74.063909,40.617329],[-74.064327,40.616989],[-74.062815,40.615671]]]}},{"type": "Feature","properties": {"bairro": "Rosedale","distrito": "Queens"},"geometry": {"type": "Polygon","coordinates": [[[-73.72587,40.683226],[-73.72563,40.679588],[-73.727556,40.674162],[-73.727814,40.663224],[-73.72833,40.663041],[-73.725927,40.657731],[-73.725056,40.653508],[-73.725226,40.652001],[-73.730515,40.65031],[-73.735135,40.649732],[-73.741437,40.646889],[-73.741661,40.642198],[-73.742051,40.641474],[-73.741423,40.640503],[-73.742274,40.640123],[-73.739471,40.635706],[-73.73996,40.635144],[-73.742466,40.635119],[-73.742436,40.635713],[-73.740965,40.637305],[-73.74189,40.638122],[-73.743971,40.63788],[-73.743734,40.639022],[-73.744796,40.637075],[-73.746431,40.636481],[-73.746784,40.636873],[-73.745162,40.638112],[-73.745328,40.638372],[-73.746914,40.636916],[-73.747158,40.637061],[-73.746171,40.640397],[-73.747292,40.643187],[-73.748751,40.644471],[-73.74885,40.645169],[-73.749453,40.644931],[-73.754278,40.647886],[-73.754763,40.647803],[-73.756284,40.649938],[-73.745368,40.6664],[-73.74118,40.666403],[-73.733283,40.676145],[-73.728102,40.681766],[-73.727183,40.683597],[-73.72587,40.683226]]]}},{"type": "Feature","properties": {"bairro": "Rossville","distrito": "Staten Island"},"geometry": {"type": "Polygon","coordinates": [[[-74.199907,40.560854],[-74.190568,40.552002],[-74.187573,40.550147],[-74.188588,40.548944],[-74.197308,40.543262],[-74.2045,40.541962],[-74.223956,40.540778],[-74.22188,40.54628],[-74.220544,40.548324],[-74.221315,40.550253],[-74.21777,40.553245],[-74.21784,40.554432],[-74.217209,40.554715],[-74.217537,40.555073],[-74.214741,40.556242],[-74.214993,40.556795],[-74.213275,40.556625],[-74.212367,40.557945],[-74.211585,40.557169],[-74.206133,40.558203],[-74.201938,40.559507],[-74.199907,40.560854]]]}},{"type": "Feature","properties": {"bairro": "Schuylerville","distrito": "Bronx"},"geometry": {"type": "Polygon","coordinates": [[[-73.826013,40.834021],[-73.83361,40.829582],[-73.836943,40.82815],[-73.83811,40.83201],[-73.838808,40.840763],[-73.840065,40.841687],[-73.836889,40.843375],[-73.830432,40.843858],[-73.826113,40.845339],[-73.82557,40.842817],[-73.82577,40.838127],[-73.825194,40.835225],[-73.826013,40.834021]]]}},{"type": "Feature","properties": {"bairro": "Sheepshead Bay","distrito": "Brooklyn"},"geometry": {"type": "Polygon","coordinates": [[[-73.932677,40.594236],[-73.93114,40.592009],[-73.9314,40.591805],[-73.93101,40.591931],[-73.931559,40.591293],[-73.931213,40.589531],[-73.930686,40.588822],[-73.930091,40.588989],[-73.93065,40.58867],[-73.9304,40.588466],[-73.929728,40.588614],[-73.930385,40.588442],[-73.929722,40.58756],[-73.931349,40.587328],[-73.931252,40.58685],[-73.928574,40.587062],[-73.928082,40.586698],[-73.928157,40.585865],[-73.92737,40.586007],[-73.927586,40.586254],[-73.927516,40.586398],[-73.927304,40.585866],[-73.92638,40.585296],[-73.926548,40.585575],[-73.925529,40.584978],[-73.926275,40.585353],[-73.92651,40.584451],[-73.93096,40.582729],[-73.936132,40.583314],[-73.936097,40.582949],[-73.936576,40.583241],[-73.936974,40.58323],[-73.936633,40.582972],[-73.937059,40.582978],[-73.937053,40.583085],[-73.937631,40.583096],[-73.937027,40.583126],[-73.937006,40.583016],[-73.937015,40.583233],[-73.937125,40.583347],[-73.941025,40.58307],[-73.941574,40.583608],[-73.942551,40.583514],[-73.94202,40.58311],[-73.942702,40.583509],[-73.943047,40.583492],[-73.942563,40.583127],[-73.946286,40.583569],[-73.945799,40.583195],[-73.947469,40.583528],[-73.953493,40.582988],[-73.953419,40.582609],[-73.954143,40.583105],[-73.956536,40.582659],[-73.957353,40.583023],[-73.959007,40.582838],[-73.96207,40.584203],[-73.965211,40.583788],[-73.966614,40.584575],[-73.964638,40.593328],[-73.967666,40.609394],[-73.944059,40.61199],[-73.943547,40.609346],[-73.934227,40.60101],[-73.932677,40.594236]]]}},{"type": "Feature","properties": {"bairro": "South Beach","distrito": "Staten Island"},"geometry": {"type": "Polygon","coordinates": [[[-74.090292,40.596196],[-74.083752,40.595491],[-74.08024,40.590067],[-74.069416,40.584651],[-74.071448,40.582434],[-74.070658,40.581626],[-74.071776,40.581877],[-74.074994,40.579237],[-74.073361,40.578275],[-74.075083,40.57916],[-74.075798,40.578309],[-74.075346,40.577888],[-74.100931,40.591033],[-74.10083,40.592632],[-74.099796,40.593871],[-74.093364,40.597033],[-74.090292,40.596196]]]}},{"type": "Feature","properties": {"bairro": "South Ozone Park","distrito": "Queens"},"geometry": {"type": "Polygon","coordinates": [[[-73.788085,40.67301],[-73.790099,40.664316],[-73.800871,40.665368],[-73.804548,40.665259],[-73.80614,40.664913],[-73.80664,40.664329],[-73.808177,40.664525],[-73.812103,40.663083],[-73.814945,40.662759],[-73.82818,40.664079],[-73.83264,40.665184],[-73.833216,40.666092],[-73.83291,40.666651],[-73.836981,40.674678],[-73.835896,40.675754],[-73.83208,40.675261],[-73.83094,40.67812],[-73.825781,40.677207],[-73.805832,40.682914],[-73.801216,40.674344],[-73.788085,40.67301]]]}},{"type": "Feature","properties": {"bairro": "South Slope","distrito": "Brooklyn"},"geometry": {"type": "Polygon","coordinates": [[[-73.97686,40.664614],[-73.980173,40.661135],[-73.98091,40.659775],[-73.983224,40.660994],[-73.985077,40.659021],[-73.987209,40.6604],[-73.988695,40.662504],[-73.993003,40.665288],[-73.988726,40.670342],[-73.97686,40.664614]]]}},{"type": "Feature","properties": {"bairro": "Springfield Gardens","distrito": "Queens"},"geometry": {"type": "Polygon","coordinates": [[[-73.746189,40.691272],[-73.750236,40.685649],[-73.752258,40.681491],[-73.755657,40.676157],[-73.750772,40.669796],[-73.75038,40.668696],[-73.74787,40.667025],[-73.745368,40.6664],[-73.756284,40.649938],[-73.77383,40.659651],[-73.78074,40.662447],[-73.790099,40.664316],[-73.789418,40.666322],[-73.772951,40.667436],[-73.76696,40.667035],[-73.764353,40.671853],[-73.763494,40.676003],[-73.761832,40.679053],[-73.760424,40.683376],[-73.761169,40.686443],[-73.747391,40.691518],[-73.746189,40.691272]]]}},{"type": "Feature","properties": {"bairro": "Spuyten Duyvil","distrito": "Bronx"},"geometry": {"type": "Polygon","coordinates": [[[-73.910327,40.883441],[-73.912556,40.879242],[-73.914995,40.877933],[-73.918009,40.877119],[-73.91924,40.876145],[-73.922067,40.878572],[-73.924903,40.878888],[-73.923805,40.880325],[-73.921063,40.88621],[-73.910327,40.883441]]]}},{"type": "Feature","properties": {"bairro": "St. Albans","distrito": "Queens"},"geometry": {"type": "Polygon","coordinates": [[[-73.752435,40.71023],[-73.744823,40.693171],[-73.746189,40.691272],[-73.747391,40.691518],[-73.761169,40.686443],[-73.769637,40.684329],[-73.76974,40.683778],[-73.77662,40.688364],[-73.78211,40.695237],[-73.784466,40.69739],[-73.778546,40.699767],[-73.777346,40.698223],[-73.773958,40.699831],[-73.775477,40.702724],[-73.77582,40.705376],[-73.77418,40.705087],[-73.767251,40.706313],[-73.767344,40.706636],[-73.76409,40.70752],[-73.752435,40.71023]]]}},{"type": "Feature","properties": {"bairro": "Tompkinsville","distrito": "Staten Island"},"geometry": {"type": "Polygon","coordinates": [[[-74.078132,40.638172],[-74.078303,40.635287],[-74.07936,40.632225],[-74.083577,40.627927],[-74.084962,40.624625],[-74.085899,40.619909],[-74.086488,40.620449],[-74.087071,40.62008],[-74.087011,40.620501],[-74.088028,40.620243],[-74.087627,40.619543],[-74.08942,40.620307],[-74.088675,40.621031],[-74.08851,40.628913],[-74.086823,40.630318],[-74.088077,40.631081],[-74.0889,40.630292],[-74.097155,40.631898],[-74.097267,40.633998],[-74.096454,40.635334],[-74.095889,40.635644],[-74.09348,40.634944],[-74.088917,40.636528],[-74.08813,40.637626],[-74.087279,40.637812],[-74.083734,40.635737],[-74.07879,40.638269],[-74.078132,40.638172]]]}},{"type": "Feature","properties": {"bairro": "St. George","distrito": "Staten Island"},"geometry": {"type": "Polygon","coordinates": [[[-74.072389,40.638245],[-74.07684,40.63775],[-74.07879,40.638269],[-74.083734,40.635737],[-74.085879,40.636692],[-74.087542,40.638449],[-74.08652,40.643897],[-74.089559,40.647258],[-74.085708,40.648881],[-74.082213,40.64828],[-74.07981,40.648383],[-74.076507,40.646969],[-74.074453,40.645067],[-74.073591,40.644999],[-74.073857,40.645425],[-74.073338,40.645783],[-74.07369,40.645306],[-74.072588,40.644791],[-74.072698,40.644441],[-74.071687,40.64505],[-74.072292,40.644266],[-74.071482,40.643293],[-74.070938,40.643346],[-74.07211,40.642463],[-74.070329,40.642526],[-74.073238,40.642185],[-74.073144,40.641853],[-74.070194,40.642008],[-74.073087,40.641637],[-74.07289,40.640923],[-74.069984,40.641069],[-74.07285,40.640804],[-74.07309,40.638619],[-74.072389,40.638245]]]}},{"type": "Feature","properties": {"bairro": "Stapleton","distrito": "Staten Island"},"geometry": {"type": "Polygon","coordinates": [[[-74.072582,40.637947],[-74.073484,40.637787],[-74.073487,40.637234],[-74.07054,40.637471],[-74.070494,40.637162],[-74.073416,40.636894],[-74.072095,40.636647],[-74.073358,40.636536],[-74.072832,40.633666],[-74.073328,40.632058],[-74.072985,40.630309],[-74.06813,40.628539],[-74.072912,40.629996],[-74.072292,40.627152],[-74.074152,40.626816],[-74.073976,40.626114],[-74.08533,40.622771],[-74.083577,40.627927],[-74.07936,40.632225],[-74.078303,40.635287],[-74.078132,40.638172],[-74.07684,40.63775],[-74.072582,40.637947]]]}},{"type": "Feature","properties": {"bairro": "Stuyvesant Town","distrito": "Manhattan"},"geometry": {"type": "Polygon","coordinates": [[[-73.974378,40.735081],[-73.973413,40.731282],[-73.97148,40.72925],[-73.971629,40.726761],[-73.982553,40.731375],[-73.978527,40.736855],[-73.974378,40.735081]]]}},{"type": "Feature","properties": {"bairro": "Sunnyside","distrito": "Queens"},"geometry": {"type": "Polygon","coordinates": [[[-73.911625,40.74998],[-73.912822,40.742486],[-73.907506,40.741862],[-73.90855,40.73793],[-73.912008,40.729945],[-73.9121,40.727609],[-73.91797,40.728501],[-73.91742,40.731132],[-73.922726,40.734356],[-73.920447,40.73485],[-73.934996,40.737869],[-73.93347,40.745152],[-73.934401,40.746035],[-73.926353,40.747551],[-73.920798,40.746891],[-73.920342,40.749159],[-73.915406,40.75011],[-73.911625,40.74998]]]}},{"type": "Feature","properties": {"bairro": "Van Nest","distrito": "Bronx"},"geometry": {"type": "Polygon","coordinates": [[[-73.865127,40.841218],[-73.869974,40.839455],[-73.874519,40.841556],[-73.871654,40.843732],[-73.868365,40.848971],[-73.869201,40.849234],[-73.868235,40.850913],[-73.868609,40.85209],[-73.866129,40.850537],[-73.860497,40.848289],[-73.857389,40.843676],[-73.85521,40.842975],[-73.865127,40.841218]]]}},{"type": "Feature","properties": {"bairro": "Sunset Park","distrito": "Brooklyn"},"geometry": {"type": "Polygon","coordinates": [[[-73.992801,40.665527],[-73.993003,40.665288],[-73.988695,40.662504],[-73.987209,40.6604],[-73.99019,40.657601],[-73.99238,40.658899],[-73.992964,40.658337],[-73.995169,40.659669],[-74.00214,40.652956],[-73.997818,40.650282],[-73.998276,40.649734],[-73.996088,40.648307],[-74.012536,40.632632],[-74.025774,40.640607],[-74.031879,40.64167],[-74.034509,40.641087],[-74.036344,40.639798],[-74.035713,40.64064],[-74.036758,40.641612],[-74.034073,40.644314],[-74.032311,40.643575],[-74.032542,40.643825],[-74.031897,40.643889],[-74.030518,40.645274],[-74.029081,40.644404],[-74.029154,40.644581],[-74.028862,40.644866],[-74.029087,40.644583],[-74.028191,40.644414],[-74.028206,40.644016],[-74.026049,40.646261],[-74.029741,40.648486],[-74.02939,40.648804],[-74.025718,40.646615],[-74.024615,40.647151],[-74.026221,40.648248],[-74.024355,40.647399],[-74.025539,40.649782],[-74.024844,40.6506],[-74.026051,40.650994],[-74.02553,40.651479],[-74.024772,40.650688],[-74.02424,40.651134],[-74.025416,40.651934],[-74.024178,40.651192],[-74.022851,40.651169],[-74.025369,40.652721],[-74.021247,40.650835],[-74.021052,40.651098],[-74.022337,40.651911],[-74.020899,40.651247],[-74.023807,40.653045],[-74.021959,40.652223],[-74.021187,40.65284],[-74.023205,40.654096],[-74.021629,40.653645],[-74.02115,40.654211],[-74.021645,40.654879],[-74.018727,40.653474],[-74.018119,40.653885],[-74.020052,40.655336],[-74.017874,40.654062],[-74.017153,40.654775],[-74.019801,40.656487],[-74.017267,40.655194],[-74.01665,40.655339],[-74.016394,40.655621],[-74.019108,40.657369],[-74.018606,40.657846],[-74.015854,40.656213],[-74.015436,40.656632],[-74.017742,40.658099],[-74.017685,40.658453],[-74.015047,40.65695],[-74.014421,40.657608],[-74.017458,40.65945],[-74.015542,40.660758],[-74.011839,40.658913],[-74.011108,40.659706],[-74.014022,40.66153],[-74.012654,40.661982],[-74.0086,40.659521],[-74.007459,40.660558],[-74.010372,40.662399],[-74.009551,40.663268],[-74.008684,40.663372],[-74.006161,40.661845],[-74.005686,40.662275],[-74.004284,40.661445],[-74.006227,40.662788],[-74.005924,40.663108],[-74.003808,40.661908],[-74.003488,40.662241],[-74.005997,40.663259],[-74.005613,40.663458],[-74.007721,40.664719],[-74.007125,40.664915],[-74.006525,40.664547],[-74.006882,40.66434],[-74.005842,40.664138],[-74.006046,40.66384],[-74.005758,40.663923],[-74.005641,40.664531],[-74.00565,40.6639],[-74.003629,40.662735],[-74.003403,40.662986],[-74.005281,40.664657],[-74.004862,40.665065],[-74.000834,40.663006],[-73.999532,40.664397],[-74.002925,40.666462],[-74.000688,40.667546],[-73.999981,40.66745],[-73.999026,40.668443],[-73.99866,40.671705],[-73.995193,40.667025],[-73.992801,40.665527]]]}},{"type": "Feature","properties": {"bairro": "Theater District","distrito": "Manhattan"},"geometry": {"type": "Polygon","coordinates": [[[-73.985043,40.753554],[-73.990724,40.75595],[-73.984726,40.764167],[-73.979057,40.761747],[-73.985043,40.753554]]]}},{"type": "Feature","properties": {"bairro": "Throgs Neck","distrito": "Bronx"},"geometry": {"type": "Polygon","coordinates": [[[-73.826236,40.811283],[-73.828362,40.814903],[-73.823195,40.816723],[-73.826723,40.821802],[-73.833227,40.818569],[-73.83402,40.819297],[-73.835751,40.817718],[-73.835804,40.816231],[-73.839741,40.816287],[-73.84019,40.817188],[-73.840053,40.817921],[-73.838927,40.819001],[-73.838882,40.82214],[-73.842008,40.827978],[-73.837108,40.828817],[-73.836943,40.82815],[-73.834767,40.829002],[-73.826013,40.834021],[-73.824444,40.835741],[-73.823335,40.834415],[-73.815525,40.835976],[-73.816063,40.835773],[-73.815574,40.835525],[-73.81604,40.835393],[-73.816041,40.834518],[-73.815664,40.834491],[-73.816037,40.834169],[-73.814853,40.831008],[-73.81447,40.831141],[-73.814843,40.830986],[-73.81452,40.830623],[-73.813898,40.830908],[-73.81451,40.830614],[-73.813857,40.830561],[-73.8143,40.83035],[-73.812755,40.828248],[-73.809928,40.828193],[-73.810096,40.827819],[-73.811056,40.827985],[-73.810039,40.827778],[-73.812603,40.827835],[-73.81385,40.826804],[-73.813722,40.826272],[-73.812918,40.82635],[-73.813991,40.82607],[-73.813951,40.825729],[-73.813421,40.825925],[-73.813942,40.825717],[-73.813795,40.825298],[-73.812114,40.825553],[-73.813277,40.825161],[-73.813971,40.82419],[-73.813274,40.823967],[-73.812733,40.824778],[-73.811773,40.82434],[-73.809092,40.825873],[-73.807666,40.825897],[-73.806564,40.824606],[-73.80651,40.823153],[-73.805952,40.822883],[-73.805728,40.820177],[-73.804619,40.819027],[-73.803483,40.818277],[-73.802079,40.818557],[-73.79759,40.816508],[-73.797381,40.815764],[-73.799028,40.815541],[-73.800111,40.814025],[-73.801746,40.812865],[-73.801404,40.812363],[-73.801759,40.812861],[-73.803614,40.812521],[-73.80352,40.812922],[-73.803779,40.81281],[-73.804358,40.813609],[-73.803514,40.812935],[-73.803224,40.813359],[-73.803455,40.813403],[-73.804531,40.814255],[-73.803222,40.813374],[-73.803517,40.813952],[-73.805115,40.815636],[-73.806584,40.816595],[-73.805081,40.815198],[-73.804554,40.81463],[-73.804659,40.814545],[-73.806329,40.816138],[-73.80672,40.816575],[-73.806606,40.816664],[-73.806929,40.816568],[-73.806536,40.815892],[-73.807046,40.816534],[-73.806593,40.815617],[-73.805319,40.814781],[-73.805192,40.813144],[-73.802242,40.810197],[-73.801012,40.810713],[-73.801467,40.810142],[-73.798538,40.809587],[-73.792289,40.806849],[-73.791443,40.806964],[-73.791504,40.807496],[-73.790865,40.807341],[-73.790063,40.805409],[-73.791037,40.804263],[-73.79339,40.804204],[-73.795778,40.806163],[-73.79792,40.806694],[-73.801855,40.808968],[-73.802959,40.809077],[-73.803927,40.808528],[-73.80992,40.812929],[-73.811851,40.812939],[-73.813889,40.81359],[-73.814431,40.813518],[-73.8145,40.812908],[-73.814477,40.813519],[-73.81648,40.813853],[-73.820555,40.813018],[-73.820244,40.812431],[-73.821065,40.812204],[-73.820324,40.81244],[-73.82113,40.81245],[-73.820442,40.812658],[-73.820587,40.813019],[-73.824358,40.812063],[-73.825058,40.81183],[-73.824809,40.811439],[-73.825244,40.811761],[-73.824879,40.811273],[-73.825651,40.811592],[-73.825358,40.811028],[-73.825672,40.811585],[-73.8255,40.811028],[-73.825813,40.811534],[-73.826236,40.811283]]]}},{"type": "Feature","properties": {"bairro": "Todt Hill","distrito": "Staten Island"},"geometry": {"type": "Polygon","coordinates": [[[-74.09818,40.610742],[-74.09427,40.610806],[-74.090109,40.609403],[-74.0924,40.607072],[-74.09268,40.605912],[-74.092837,40.601089],[-74.09178,40.598719],[-74.094276,40.596449],[-74.09722,40.595365],[-74.10041,40.593343],[-74.10098,40.591832],[-74.100883,40.590179],[-74.104549,40.5865],[-74.109248,40.582679],[-74.112987,40.580819],[-74.115423,40.578631],[-74.117021,40.578197],[-74.117587,40.577581],[-74.118289,40.578192],[-74.119227,40.581564],[-74.12311,40.585104],[-74.120203,40.588158],[-74.120587,40.588447],[-74.115954,40.595761],[-74.114138,40.596547],[-74.113251,40.596103],[-74.11131,40.597057],[-74.111331,40.59815],[-74.114871,40.602137],[-74.116756,40.610814],[-74.11438,40.611193],[-74.109783,40.610254],[-74.097658,40.610503],[-74.09818,40.610742]]]}},{"type": "Feature","properties": {"bairro": "Tottenville","distrito": "Staten Island"},"geometry": {"type": "Polygon","coordinates": [[[-74.23946,40.521279],[-74.231597,40.520879],[-74.22691,40.519172],[-74.226634,40.517251],[-74.222903,40.508936],[-74.223215,40.508659],[-74.213735,40.51041],[-74.210435,40.511736],[-74.210155,40.510364],[-74.213531,40.506397],[-74.215108,40.50606],[-74.217582,40.503341],[-74.225002,40.50177],[-74.227294,40.502297],[-74.231244,40.501827],[-74.236788,40.500001],[-74.239849,40.497583],[-74.244328,40.497547],[-74.246761,40.496134],[-74.249172,40.496567],[-74.250855,40.498006],[-74.251168,40.498993],[-74.253161,40.500125],[-74.25531,40.504136],[-74.255591,40.507713],[-74.254629,40.508675],[-74.254981,40.508771],[-74.254973,40.508806],[-74.253998,40.50897],[-74.254315,40.509414],[-74.253676,40.509467],[-74.254647,40.509826],[-74.253648,40.509471],[-74.253316,40.509862],[-74.253008,40.511194],[-74.253527,40.511678],[-74.253036,40.511433],[-74.25309,40.512122],[-74.251952,40.512997],[-74.252126,40.51371],[-74.250046,40.515109],[-74.250555,40.515716],[-74.249888,40.515522],[-74.25056,40.516107],[-74.249215,40.515085],[-74.249942,40.516137],[-74.249431,40.515688],[-74.248284,40.516487],[-74.248946,40.517195],[-74.249408,40.516981],[-74.248514,40.517476],[-74.248919,40.517208],[-74.247518,40.515736],[-74.24644,40.515965],[-74.246129,40.516137],[-74.246996,40.517182],[-74.246479,40.516687],[-74.245209,40.51729],[-74.245635,40.518076],[-74.244298,40.518515],[-74.242325,40.518327],[-74.241031,40.519543],[-74.240491,40.519192],[-74.23946,40.521279]]]}},{"type": "Feature","properties": {"bairro": "Tremont","distrito": "Bronx"},"geometry": {"type": "Polygon","coordinates": [[[-73.898104,40.852308],[-73.884465,40.845985],[-73.885192,40.845195],[-73.88601,40.840585],[-73.887247,40.838151],[-73.896566,40.843664],[-73.902706,40.844568],[-73.898104,40.852308]]]}},{"type": "Feature","properties": {"bairro": "Tribeca","distrito": "Manhattan"},"geometry": {"type": "Polygon","coordinates": [[[-74.001886,40.719395],[-74.008614,40.711372],[-74.013754,40.71369],[-74.01244,40.719058],[-74.013036,40.719086],[-74.012914,40.719708],[-74.013399,40.720032],[-74.01639,40.720379],[-74.016315,40.720739],[-74.012966,40.720329],[-74.012869,40.720834],[-74.015695,40.72122],[-74.015626,40.721551],[-74.012539,40.721503],[-74.011965,40.724332],[-74.011376,40.72428],[-74.01106,40.725744],[-74.001886,40.719395]]]}},{"type": "Feature","properties": {"bairro": "Two Bridges","distrito": "Manhattan"},"geometry": {"type": "Polygon","coordinates": [[[-73.991898,40.709541],[-73.997283,40.708732],[-73.999102,40.707968],[-74.003337,40.711236],[-73.99777,40.711971],[-73.997994,40.712722],[-73.992623,40.713168],[-73.991898,40.709541]]]}},{"type": "Feature","properties": {"bairro": "Vinegar Hill","distrito": "Brooklyn"},"geometry": {"type": "Polygon","coordinates": [[[-73.97905,40.705967],[-73.98065,40.701561],[-73.980544,40.698246],[-73.985593,40.698491],[-73.986748,40.701526],[-73.98476,40.701446],[-73.984535,40.70552],[-73.97905,40.705967]]]}},{"type": "Feature","properties": {"bairro": "Woodside","distrito": "Queens"},"geometry": {"type": "Polygon","coordinates": [[[-73.900866,40.757674],[-73.897699,40.752365],[-73.89728,40.750418],[-73.896938,40.750501],[-73.894338,40.74658],[-73.891457,40.74687],[-73.889742,40.739115],[-73.900509,40.741074],[-73.912822,40.742486],[-73.911625,40.74998],[-73.90971,40.749755],[-73.909483,40.75056],[-73.91058,40.752984],[-73.913519,40.753496],[-73.911764,40.755573],[-73.910618,40.755476],[-73.90907,40.757565],[-73.90737,40.756988],[-73.900866,40.757674]]]}},{"type": "Feature","properties": {"bairro": "Unionport","distrito": "Bronx"},"geometry": {"type": "Polygon","coordinates": [[[-73.838808,40.840763],[-73.838549,40.835026],[-73.837108,40.828817],[-73.842008,40.827978],[-73.84222,40.828342],[-73.841886,40.830713],[-73.838852,40.833691],[-73.839193,40.838714],[-73.83972,40.839565],[-73.840303,40.839524],[-73.839412,40.8346],[-73.83992,40.833321],[-73.842345,40.8313],[-73.843107,40.829794],[-73.842317,40.827185],[-73.843585,40.827003],[-73.842898,40.824083],[-73.858264,40.822015],[-73.85879,40.824209],[-73.862702,40.832979],[-73.860851,40.833614],[-73.859056,40.833413],[-73.840028,40.835663],[-73.841566,40.838317],[-73.840886,40.838902],[-73.841625,40.839399],[-73.841,40.839908],[-73.841104,40.840611],[-73.838808,40.840763]]]}},{"type": "Feature","properties": {"bairro": "University Heights","distrito": "Bronx"},"geometry": {"type": "Polygon","coordinates": [[[-73.90108,40.862756],[-73.90557,40.855787],[-73.904727,40.85537],[-73.906424,40.853501],[-73.90943,40.85396],[-73.9112,40.854822],[-73.912273,40.853759],[-73.916935,40.854609],[-73.9168,40.855665],[-73.917592,40.856812],[-73.919045,40.857379],[-73.914257,40.862486],[-73.910756,40.861651],[-73.90904,40.862679],[-73.90108,40.862756]]]}},{"type": "Feature","properties": {"bairro": "Upper East Side","distrito": "Manhattan"},"geometry": {"type": "Polygon","coordinates": [[[-73.943592,40.782748],[-73.943871,40.781273],[-73.943214,40.779318],[-73.942716,40.779544],[-73.942536,40.779091],[-73.942893,40.778614],[-73.942003,40.776185],[-73.94293,40.774676],[-73.954418,40.762184],[-73.958788,40.758213],[-73.973015,40.764279],[-73.95576,40.787907],[-73.943592,40.782748]]]}},{"type": "Feature","properties": {"bairro": "Upper West Side","distrito": "Manhattan"},"geometry": {"type": "Polygon","coordinates": [[[-73.958358,40.800369],[-73.981565,40.768307],[-73.982268,40.768299],[-73.982389,40.767411],[-73.99365,40.772146],[-73.994159,40.772493],[-73.993831,40.772932],[-73.996241,40.77379],[-73.996095,40.774086],[-73.993936,40.77318],[-73.992267,40.775116],[-73.992059,40.775498],[-73.992386,40.775557],[-73.990927,40.777567],[-73.990396,40.777585],[-73.988869,40.779693],[-73.991551,40.779575],[-73.988886,40.779879],[-73.985466,40.785361],[-73.986173,40.786068],[-73.987119,40.78521],[-73.986128,40.786239],[-73.985429,40.785414],[-73.985081,40.785922],[-73.985766,40.786196],[-73.985017,40.786014],[-73.984655,40.786535],[-73.98595,40.786487],[-73.984619,40.786586],[-73.971037,40.805918],[-73.958358,40.800369]]]}},{"type": "Feature","properties": {"bairro": "Windsor Terrace","distrito": "Brooklyn"},"geometry": {"type": "Polygon","coordinates": [[[-73.980061,40.660753],[-73.97448,40.658339],[-73.972329,40.65138],[-73.972691,40.65096],[-73.972093,40.650673],[-73.971397,40.6482],[-73.97324,40.64765],[-73.979089,40.647428],[-73.97925,40.648123],[-73.98036,40.647694],[-73.9818,40.655246],[-73.988428,40.65925],[-73.987209,40.6604],[-73.985077,40.659021],[-73.983224,40.660994],[-73.98091,40.659775],[-73.980061,40.660753]]]}},{"type": "Feature","properties": {"bairro": "Wakefield","distrito": "Bronx"},"geometry": {"type": "Polygon","coordinates": [[[-73.838392,40.894067],[-73.84629,40.892324],[-73.845232,40.889551],[-73.845906,40.889741],[-73.850651,40.882192],[-73.8662,40.88714],[-73.86088,40.896553],[-73.861113,40.89759],[-73.85926,40.900338],[-73.859377,40.901565],[-73.858864,40.901712],[-73.859579,40.902441],[-73.858401,40.902213],[-73.85756,40.902918],[-73.857111,40.90365],[-73.857178,40.905287],[-73.85601,40.905306],[-73.85681,40.906156],[-73.854238,40.907033],[-73.853834,40.907974],[-73.854911,40.908355],[-73.85277,40.910406],[-73.852275,40.909854],[-73.851071,40.910372],[-73.853475,40.90753],[-73.850921,40.906616],[-73.850173,40.907508],[-73.844819,40.90553],[-73.844893,40.904191],[-73.841387,40.904173],[-73.84068,40.901517],[-73.839217,40.899427],[-73.839648,40.897331],[-73.838392,40.894067]]]}},{"type": "Feature","properties": {"bairro": "Washington Heights","distrito": "Manhattan"},"geometry": {"type": "Polygon","coordinates": [[[-73.922298,40.855599],[-73.929719,40.845232],[-73.934915,40.835231],[-73.935157,40.832682],[-73.934568,40.828149],[-73.95022,40.834305],[-73.948561,40.839565],[-73.946124,40.843892],[-73.946998,40.850398],[-73.94348,40.852282],[-73.94187,40.853868],[-73.937815,40.859834],[-73.935532,40.858918],[-73.933053,40.859828],[-73.930122,40.858744],[-73.927625,40.859012],[-73.92471,40.861552],[-73.92293,40.858941],[-73.922906,40.855912],[-73.922298,40.855599]]]}},{"type": "Feature","properties": {"bairro": "West Brighton","distrito": "Staten Island"},"geometry": {"type": "Polygon","coordinates": [[[-74.097267,40.633998],[-74.097155,40.631898],[-74.098421,40.631598],[-74.098177,40.630007],[-74.099257,40.629933],[-74.099022,40.628684],[-74.100844,40.628444],[-74.100064,40.624173],[-74.10203,40.623796],[-74.101802,40.623147],[-74.104453,40.622913],[-74.110015,40.620688],[-74.11331,40.623042],[-74.11846,40.625269],[-74.120129,40.626536],[-74.123034,40.629011],[-74.12596,40.633859],[-74.114538,40.634763],[-74.10253,40.634663],[-74.097267,40.633998]]]}},{"type": "Feature","properties": {"bairro": "West Farms","distrito": "Bronx"},"geometry": {"type": "Polygon","coordinates": [[[-73.880681,40.837532],[-73.88601,40.840585],[-73.885192,40.845195],[-73.883109,40.848273],[-73.877273,40.844079],[-73.878116,40.842625],[-73.872808,40.840895],[-73.869974,40.839455],[-73.876152,40.8365],[-73.880681,40.837532]]]}},{"type": "Feature","properties": {"bairro": "Woodhaven","distrito": "Queens"},"geometry": {"type": "Polygon","coordinates": [[[-73.868573,40.6947],[-73.852773,40.697541],[-73.852771,40.698275],[-73.854582,40.700612],[-73.850667,40.70021],[-73.845026,40.689238],[-73.866295,40.683189],[-73.868064,40.691182],[-73.867211,40.691308],[-73.868644,40.693898],[-73.868144,40.694026],[-73.868573,40.6947]]]}},{"type": "Feature","properties": {"bairro": "Woodlawn","distrito": "Bronx"},"geometry": {"type": "Polygon","coordinates": [[[-73.859468,40.900517],[-73.861113,40.89759],[-73.86088,40.896553],[-73.8662,40.88714],[-73.869286,40.880249],[-73.870835,40.880673],[-73.87475,40.880011],[-73.874675,40.881563],[-73.878126,40.88215],[-73.87761,40.88452],[-73.877876,40.887244],[-73.880347,40.8929],[-73.880062,40.895256],[-73.87712,40.895469],[-73.876438,40.896871],[-73.87482,40.898445],[-73.8701,40.900742],[-73.86788,40.902983],[-73.859468,40.900517]]]}},{"type": "Feature","properties": {"bairro": "West Village","distrito": "Manhattan"},"geometry": {"type": "Polygon","coordinates": [[[-74.009161,40.742509],[-73.996797,40.737364],[-74.001413,40.731065],[-74.002856,40.728347],[-74.00935,40.728988],[-74.009208,40.729706],[-74.010659,40.729832],[-74.010799,40.728196],[-74.014391,40.728463],[-74.014038,40.730694],[-74.011162,40.730451],[-74.010941,40.73302],[-74.014002,40.733068],[-74.010903,40.733298],[-74.010833,40.734007],[-74.012001,40.734338],[-74.010814,40.734283],[-74.010477,40.738064],[-74.011139,40.73839],[-74.010454,40.738365],[-74.010393,40.739174],[-74.01158,40.739265],[-74.011527,40.739874],[-74.012369,40.739752],[-74.01231,40.740195],[-74.011515,40.739973],[-74.011461,40.740584],[-74.012659,40.740748],[-74.009631,40.740645],[-74.009411,40.741154],[-74.012117,40.741759],[-74.009519,40.74149],[-74.009161,40.742509]]]}},{"type": "Feature","properties": {"bairro": "Westchester Square","distrito": "Bronx"},"geometry": {"type": "Polygon","coordinates": [[[-73.842941,40.846404],[-73.839126,40.842158],[-73.840065,40.841687],[-73.839364,40.840878],[-73.841104,40.840611],[-73.841,40.839908],[-73.841625,40.839399],[-73.840886,40.838902],[-73.841566,40.838317],[-73.840028,40.835663],[-73.851663,40.834201],[-73.853366,40.842505],[-73.85521,40.842975],[-73.849009,40.844734],[-73.847395,40.845592],[-73.844904,40.848121],[-73.844622,40.846386],[-73.842941,40.846404]]]}},{"type": "Feature","properties": {"bairro": "Westerleigh","distrito": "Staten Island"},"geometry": {"type": "Polygon","coordinates": [[[-74.13131,40.626328],[-74.132076,40.622702],[-74.13072,40.612558],[-74.13604,40.612262],[-74.14602,40.610344],[-74.144025,40.624992],[-74.137227,40.624296],[-74.13333,40.626393],[-74.13131,40.626328]]]}},{"type": "Feature","properties": {"bairro": "Williamsbridge","distrito": "Bronx"},"geometry": {"type": "Polygon","coordinates": [[[-73.867216,40.86969],[-73.86701,40.876133],[-73.86164,40.885693],[-73.85065,40.882192],[-73.843241,40.879109],[-73.84546,40.87735],[-73.850689,40.875487],[-73.85555,40.871813],[-73.85745,40.869533],[-73.867216,40.86969]]]}},{"type": "Feature","properties": {"bairro": "Williamsburg","distrito": "Brooklyn"},"geometry": {"type": "Polygon","coordinates": [[[-73.957572,40.725097],[-73.952998,40.722253],[-73.955348,40.720049],[-73.952803,40.718462],[-73.947516,40.719267],[-73.944926,40.720774],[-73.943899,40.719604],[-73.942678,40.720277],[-73.940796,40.720457],[-73.940624,40.719435],[-73.936209,40.720576],[-73.934704,40.717209],[-73.924631,40.719855],[-73.924992,40.718385],[-73.92888,40.71772],[-73.929705,40.717049],[-73.929474,40.715721],[-73.932198,40.714972],[-73.931241,40.713725],[-73.932639,40.713053],[-73.932033,40.71159],[-73.933283,40.710979],[-73.931901,40.711338],[-73.930361,40.708718],[-73.931546,40.711855],[-73.930779,40.71216],[-73.93161,40.712038],[-73.931849,40.712565],[-73.930423,40.713173],[-73.931052,40.71461],[-73.928439,40.715531],[-73.928906,40.716619],[-73.928233,40.717106],[-73.924645,40.717953],[-73.923055,40.716343],[-73.924886,40.715267],[-73.924336,40.714123],[-73.922116,40.712928],[-73.921326,40.710859],[-73.92073,40.710461],[-73.92598,40.705792],[-73.933951,40.702674],[-73.94042,40.701077],[-73.941149,40.700281],[-73.941931,40.700725],[-73.961899,40.698188],[-73.961705,40.699925],[-73.96721,40.704256],[-73.967477,40.70395],[-73.969297,40.705088],[-73.969293,40.707093],[-73.969941,40.70931],[-73.969557,40.710296],[-73.97001,40.710454],[-73.96847,40.712825],[-73.968842,40.713224],[-73.966597,40.717968],[-73.967307,40.718313],[-73.966531,40.718032],[-73.965879,40.718755],[-73.96663,40.719132],[-73.966543,40.719223],[-73.965526,40.718901],[-73.965154,40.71927],[-73.965374,40.720094],[-73.964356,40.720163],[-73.964683,40.72047],[-73.964088,40.720756],[-73.965049,40.721357],[-73.963998,40.720938],[-73.962073,40.72388],[-73.962472,40.724175],[-73.962007,40.723992],[-73.961611,40.724951],[-73.958749,40.723085],[-73.957572,40.725097]]]}},{"type": "Feature","properties": {"bairro": "Willowbrook","distrito": "Staten Island"},"geometry": {"type": "Polygon","coordinates": [[[-74.148281,40.60567],[-74.142028,40.603372],[-74.137234,40.603249],[-74.132507,40.599632],[-74.13099,40.599503],[-74.13092,40.598856],[-74.12983,40.598671],[-74.131239,40.59831],[-74.133775,40.596333],[-74.13608,40.597254],[-74.140761,40.597553],[-74.141873,40.596054],[-74.146377,40.596151],[-74.146153,40.597431],[-74.146613,40.599666],[-74.146173,40.602143],[-74.14757,40.604597],[-74.14829,40.604951],[-74.148281,40.60567]]]}}]}